player_a                                                                    ,player_b                                                                    ,winner,game_list          ,sheet_name,num_players,winner_from_importer,winner_from_rounds
Fakes                                                                       ,hypebeasthegel                                                              ,a     ,0321 0322 0323     ,Round 1   ,2          ,Fakes               ,Fakes
Altina                                                                      ,jaden_17522                                                                 ,b     ,0123 0124          ,Round 1   ,2          ,TheComanderXD       ,jaden_17522
Triangles                                                                   ,renlyyynnn                                                                  ,a     ,0324 0325          ,Round 1   ,2          ,triangles           ,Triangles
pkLeech                                                                     ,wonderfulwhiscash                                                           ,a     ,0326 0327          ,Round 1   ,2          ,pkLeech             ,pkLeech
Caloom                                                                      ,jankcity                                                                    ,B     ,act                ,Round 1   ,0          ,act                 ,act
Fear                                                                        ,bugthatlovesfish                                                            ,a     ,0328 0329          ,Round 1   ,2          ,Fear                ,Fear
jumpy23                                                                     ,@pek__                                                                      ,a     ,0330 0331          ,Round 1   ,2          ,I'm the Dome Ace    ,jumpy23
Leo                                                                         ,Blanched                                                                    ,a     ,0332 0333          ,Round 1   ,2          ,algerian mannat     ,Leo
Kollin                                                                      ,WraxiusGaming                                                               ,a     ,0674 0675          ,Round 1   ,2          ,Kollin7             ,Kollin
Cyberodin                                                                   ,sligoblues                                                                  ,B     ,0676 0677 0678     ,Round 1   ,2          ,blavand             ,sligoblues
Blues                                                                       ,walterbite                                                                  ,a     ,0679 0680          ,Round 1   ,2          ,BluesEnergy00       ,Blues
Pak                                                                         ,aldrichunfaithful                                                           ,a     ,0133 0134          ,Round 1   ,2          ,Pak                 ,Pak
River                                                                       ,allance05                                                                   ,a     ,0334 0335          ,Round 1   ,2          ,violet river        ,River
Voyager                                                                     ,irrelevantone                                                               ,a     ,0336 0337 0338     ,Round 1   ,2          ,Voyager             ,Voyager
Carapinga                                                                   ,Genofool                                                                    ,a     ,0131 0132          ,Round 1   ,2          ,Eduardo Carapinga   ,Carapinga
Mielke                                                                      ,justbestlevels                                                              ,a     ,0681 0682          ,Round 1   ,2          ,3 blades            ,Mielke
Tyros                                                                       ,Print Screen                                                                ,a     ,0339 0340          ,Round 1   ,2          ,DarthTyros          ,Tyros
Pokology                                                                    ,Spedonic                                                                    ,A     ,act                ,Round 1   ,0          ,act                 ,act
void                                                                        ,Greyaz                                                                      ,A     ,act                ,Round 1   ,0          ,act                 ,act
Mayo                                                                        ,ManiacalDolphin                                                             ,B     ,act                ,Round 1   ,0          ,act                 ,act
Adam                                                                        ,5darkelves_gmen                                                             ,b     ,0125 0126 0127     ,Round 1   ,2          ,5darkelves          ,5darkelves_gmen
laxuy                                                                       ,Ezcrime                                                                     ,a     ,0341 0342          ,Round 1   ,2          ,lax                 ,laxuy
udm31                                                                       ,jthompson9021                                                               ,b     ,0380 0381          ,Round 1   ,2          ,troglodyte480       ,jthompson9021
Big Will                                                                    ,bydy2                                                                       ,a     ,0343 0344 0345     ,Round 1   ,2          ,big will 2024       ,Big Will
JR                                                                          ,Latlat1                                                                     ,A     ,act                ,Round 1   ,0          ,act                 ,act
keepingiticy                                                                ,garcilp                                                                     ,B     ,act                ,Round 1   ,0          ,act                 ,act
Sheik                                                                       ,socialinclusion                                                             ,a     ,0356 0357 0358     ,Round 1   ,2          ,Sheik               ,Sheik
Typhoon Carter                                                              ,Ehtis                                                                       ,b     ,0359 0360 0361     ,Round 1   ,2          ,EhtishamEX          ,Ehtis
48                                                                          ,Hypermoth                                                                   ,a     ,0362 0363          ,Round 1   ,2          ,Quarante8           ,48
eliandiditagain                                                             ,Felizelise                                                                  ,b     ,0364 0365 0366     ,Round 1   ,2          ,Forblaze On Em      ,Felizelise
Spfunkm                                                                     ,cheerful_dragon_75260                                                       ,a     ,0367 0368 0369     ,Round 1   ,2          ,SPFunkm             ,Spfunkm
Johnald                                                                     ,tahat_t                                                                     ,a     ,0370 0371          ,Round 1   ,2          ,Ooziegib            ,Johnald
W_R                                                                         ,ViciousCricket                                                              ,a     ,act                ,Round 1   ,0          ,act                 ,act
D3stiny                                                                     ,Salamaster                                                                  ,a     ,0683 0684          ,Round 1   ,2          ,EG Sato             ,D3stiny
Zacpz                                                                       ,SUB 23                                                                      ,a     ,act                ,Round 1   ,0          ,act                 ,act
Segale                                                                      ,KingWafl                                                                    ,a     ,0372 0373 0374     ,Round 1   ,2          ,Segale              ,Segale
Zerkas                                                                      ,YamHam                                                                      ,a     ,0375 0376 0377     ,Round 1   ,2          ,zerkas              ,Zerkas
Colteor                                                                     ,Ale8150                                                                     ,a     ,0128 0129 0130     ,Round 1   ,2          ,Colteor             ,Colteor
earlgr3y                                                                    ,ChetManley                                                                  ,a     ,0378 0379          ,Round 1   ,2          ,earl gr3y           ,earlgr3y
goldmason                                                                   ,hangerguardian                                                              ,A     ,0211 0212          ,Round 1   ,2          ,goldmasonvt         ,goldmason
Celdanami                                                                   ,milkshook00                                                                 ,A     ,0243 0244 0245     ,Round 1   ,2          ,celdanami           ,Celdanami
ThisGuyMuks                                                                 ,Coco / Yuii                                                                 ,A     ,0017 0018          ,Round 1   ,2          ,ThisGuyMuks         ,ThisGuyMuks
Christos                                                                    ,sapphire918                                                                 ,A     ,0059 0060          ,Round 1   ,2          ,Christos            ,Christos
Dridri457                                                                   ,romeugoat._25355                                                            ,A     ,0484 0485          ,Round 1   ,2          ,Dridri457           ,Dridri457
DeezCastforms                                                               ,big_jerry                                                                   ,a     ,0685 0686 0687     ,Round 1   ,2          ,Deezcastforms       ,DeezCastforms
Zelph                                                                       ,itsaregionaldialect                                                         ,A     ,0241 0242          ,Round 1   ,2          ,EG Zelph            ,Zelph
Figull400                                                                   ,GroundBack                                                                  ,a     ,0481 0482 0483     ,Round 1   ,2          ,Figull400           ,Figull400
Don Tonionie                                                                ,DonlyPhans                                                                  ,A     ,0478 0479 0480     ,Round 1   ,2          ,themessiah1         ,Don Tonionie
Bhol                                                                        ,krungus_01138                                                               ,A     ,0239 0240          ,Round 1   ,2          ,Bhol                ,Bhol
Xtina                                                                       ,lraven17                                                                    ,A     ,0236 0237 0238     ,Round 1   ,2          ,xtina xendrix       ,Xtina
Texas Cloverleaf                                                            ,Master_Penguini                                                             ,A     ,0502 0503          ,Round 1   ,2          ,Texas Cloverleaf    ,Texas Cloverleaf
OOZ                                                                         ,solars_power                                                                ,A     ,0476 0477          ,Round 1   ,2          ,OOz!?               ,OOZ
Evakiyama                                                                   ,Fairy                                                                       ,A     ,0234 0235          ,Round 1   ,2          ,kittencel           ,Evakiyama
Futtoka                                                                     ,MenaCicada                                                                  ,A     ,0473 0474 0475     ,Round 1   ,2          ,Futtoka             ,Futtoka
Kai (aplgd)                                                                 ,Stuckkkk                                                                    ,A     ,0232 0233          ,Round 1   ,2          ,A Plague Doc        ,Kai (aplgd)
Vayun                                                                       ,sdj                                                                         ,a     ,act                ,Round 1   ,0          ,act                 ,act
MeEsSm                                                                      ,DeathbyDunsparce                                                            ,A     ,0001 0002          ,Round 1   ,2          ,MeEsSm              ,MeEsSm
kingofironfrisk                                                             ,v1ctor23                                                                    ,A     ,0471 0472          ,Round 1   ,2          ,kingofironfrisk     ,kingofironfrisk
OopsAllDeoxys                                                               ,scrapmetal56                                                                ,a     ,0229 0230 0231     ,Round 1   ,2          ,oopsalldeoxys       ,OopsAllDeoxys
Exiline                                                                     ,Dig Boshi                                                                   ,A     ,0227 0228          ,Round 1   ,2          ,Ivoire              ,Exiline
Zpanther                                                                    ,b1ur                                                                        ,B     ,0225 0226          ,Round 1   ,2          ,b1urry              ,b1ur
Nicole                                                                      ,Josito                                                                      ,B     ,0468 0469 0470     ,Round 1   ,2          ,SoyJosito           ,Josito
Rambode                                                                     ,@spreek                                                                     ,b     ,0466 0467          ,Round 1   ,2          ,Spreek              ,@spreek
xGangg                                                                      ,Filthy Cubone                                                               ,a     ,0019 0020 0021     ,Round 1   ,2          ,xGangg              ,xGangg
shawtyyyyyyy                                                                ,the_app                                                                     ,A     ,0008 0009          ,Round 1   ,2          ,marsandback         ,shawtyyyyyyy
Mackenzie                                                                   ,lacoot                                                                      ,A     ,0222 0223 0224     ,Round 1   ,2          ,mkizzy              ,Mackenzie
A Welcome Guest                                                             ,Eggman                                                                      ,b     ,0463 0464 0465     ,Round 1   ,2          ,BCLLCB              ,Eggman
Kingu                                                                       ,elmagneto                                                                   ,B     ,0057 0058          ,Round 1   ,2          ,AutumnWailord       ,elmagneto
Alice                                                                       ,perogee                                                                     ,A     ,0055 0056          ,Round 1   ,2          ,ALlCE               ,Alice
H>L                                                                         ,Simonf                                                                      ,b     ,act                ,Round 1   ,0          ,act                 ,act
Sanke Carp                                                                  ,toruwu                                                                      ,A     ,0220 0221          ,Round 1   ,2          ,SANKE CARP          ,Sanke Carp
Roy Yamaha                                                                  ,Slimsinatra93                                                               ,b     ,act                ,Round 1   ,0          ,act                 ,act
Oathkeeper                                                                  ,dustyfans                                                                   ,A     ,0061 0062 0063     ,Round 1   ,2          ,Justblamehax        ,Oathkeeper
xXEricXx                                                                    ,Ragnarocco244                                                               ,A     ,0666 0667 0668     ,Round 1   ,2          ,xXEricXx            ,xXEricXx
Marshy                                                                      ,Vassimobin                                                                  ,A     ,0218 0219          ,Round 1   ,2          ,brotha dog          ,Marshy
Smallow                                                                     ,sheikhater                                                                  ,B     ,0003 0004 0005     ,Round 1   ,2          ,Salaryman William   ,sheikhater
Churi                                                                       ,tsuki.no.miko                                                               ,a     ,0688 0689          ,Round 1   ,2          ,Churielix           ,Churi
OOF_MAXIMA                                                                  ,Microsoft_J                                                                 ,A     ,0458 0459 0460     ,Round 1   ,2          ,OOF_MAXIMA          ,OOF_MAXIMA
Buzzed                                                                      ,ByrneBaby                                                                   ,A     ,0084 0085          ,Round 1   ,2          ,Buzzed27            ,Buzzed
Incognition                                                                 ,cow3492                                                                     ,a     ,act                ,Round 1   ,0          ,act                 ,act
Tempokin                                                                    ,Nicko8                                                                      ,A     ,0289 0290          ,Round 1   ,2          ,tempokin            ,Tempokin
Egor                                                                        ,dinkdank_                                                                   ,A     ,0262 0263 0264     ,Round 1   ,2          ,Eg0r                ,Egor
King Raska                                                                  ,Sotina                                                                      ,a     ,0690 0691 0692     ,Round 1   ,2          ,RaskaPork           ,King Raska
qsns                                                                        ,kinou_pkm                                                                   ,A     ,0282 0283          ,Round 1   ,2          ,qsns                ,qsns
Cyberas                                                                     ,wolfturds                                                                   ,a     ,act                ,Round 1   ,0          ,act                 ,act
Cake                                                                        ,Ktools#9665                                                                 ,A     ,0015 0016          ,Round 1   ,2          ,Cakeconnesseur      ,Cake
Zcarlett                                                                    ,Upon_Link_Main                                                              ,B     ,0531 0532          ,Round 1   ,2          ,UponLink            ,Upon_Link_Main
TechSavage                                                                  ,giantking20                                                                 ,A     ,0277 0278 0279     ,Round 1   ,2          ,TechSavage          ,TechSavage
Alecss                                                                      ,Leeto64                                                                     ,B     ,0354 0355          ,Round 1   ,2          ,Leeto64             ,Leeto64
Mantis                                                                      ,Ghostfall22                                                                 ,a     ,act                ,Round 1   ,0          ,act                 ,act
Younglemonhope                                                              ,scurrying_snail                                                             ,B     ,0583 0584          ,Round 1   ,2          ,Scurrying Snail     ,scurrying_snail
Cryolite                                                                    ,EatYourToastSon                                                             ,B     ,0351 0352 0353     ,Round 1   ,2          ,EatYourToast        ,EatYourToastSon
Shadowtime2000                                                              ,nichard_                                                                    ,b     ,act                ,Round 1   ,0          ,act                 ,act
ratdogreborn                                                                ,clarissen                                                                   ,B     ,0529 0530          ,Round 1   ,2          ,clarissen           ,clarissen
Otto                                                                        ,Fierros47                                                                   ,a     ,act                ,Round 1   ,0          ,act                 ,act
Hinkage                                                                     ,@xlimexheep                                                                 ,A     ,0274 0275 0276     ,Round 1   ,2          ,WalterFartwelWhite  ,Hinkage
Seradess                                                                    ,Somnanana                                                                   ,A     ,0013 0014          ,Round 1   ,2          ,Seradess            ,Seradess
Dancing Along/Abreaction                                                    ,grillking                                                                   ,A     ,0271 0272 0273     ,Round 1   ,2          ,DancingAlong        ,Dancing Along/Abreaction
Just_Leo                                                                    ,sensei_moon                                                                 ,A     ,0500 0501          ,Round 1   ,2          ,Just_Leonardo       ,Just_Leo
Zinc                                                                        ,fuckboylenny                                                                ,A     ,0078 0079 0080     ,Round 1   ,2          ,zinc3               ,Zinc
DastardlyDwarf                                                              ,zoyotte                                                                     ,a     ,act                ,Round 1   ,0          ,act                 ,act
Frutiepie                                                                   ,zy___                                                                       ,b     ,act                ,Round 1   ,0          ,act                 ,act
cocoo7538                                                                   ,lindonh                                                                     ,A     ,0349 0350          ,Round 1   ,2          ,bandoodee           ,cocoo7538
YlisseanStarlight                                                           ,Klird                                                                       ,b     ,act                ,Round 1   ,0          ,act                 ,act
The_Badger1230                                                              ,draccus_comun                                                               ,A     ,0081 0082 0083     ,Round 1   ,2          ,Thebadger1230       ,The_Badger1230
sharkhammer                                                                 ,incognidoqueen                                                              ,B     ,0052 0053 0054     ,Round 1   ,2          ,incognidoqueen      ,incognidoqueen
style_purposes                                                              ,SUB 28                                                                      ,A     ,0346 0347 0348     ,Round 1   ,2          ,StyPur              ,style_purposes
GreenCity                                                                   ,emerald_harrold                                                             ,A     ,0086 0087          ,Round 1   ,2          ,GreenCity           ,GreenCity
Gthorpe1993                                                                 ,blunderpolicy                                                               ,B     ,0268 0269 0270     ,Round 1   ,2          ,blundergoth         ,blunderpolicy
Stao                                                                        ,adv_fella                                                                   ,B     ,0006 0007          ,Round 1   ,2          ,ADV Fella           ,adv_fella
TheTwo                                                                      ,loffelbiskuit                                                               ,A     ,0069 0070 0071     ,Round 1   ,2          ,Darksamer           ,TheTwo
SqueamishCube                                                               ,funhouse3                                                                   ,B     ,0515 0516 0517     ,Round 1   ,2          ,funhouse3           ,funhouse3
annuit99                                                                    ,tommy4830                                                                   ,A     ,0050 0051          ,Round 1   ,2          ,RedCrimp            ,annuit99
catholicguilttrip                                                           ,Carfrogs                                                                    ,A     ,0076 0077          ,Round 1   ,2          ,basilberry          ,catholicguilttrip
bashedayo                                                                   ,witgiz                                                                      ,B     ,0265 0266 0267     ,Round 1   ,2          ,witgiz              ,witgiz
viel06                                                                      ,JCK_ionic                                                                   ,B     ,0097 0098          ,Round 1   ,2          ,yyyyyfyyyyy         ,JCK_ionic
diegoyuhhi                                                                  ,Yoink 0                                                                     ,B     ,0010 0011 0012     ,Round 1   ,2          ,Yoink 0             ,Yoink 0
cashzachary                                                                 ,Goose824                                                                    ,B     ,0408 0409 0410     ,Round 1   ,2          ,BL0X                ,Goose824
SUB 2                                                                       ,ebitachy                                                                    ,b     ,act                ,Round 1   ,0          ,act                 ,act
dicerat8                                                                    ,frogsella                                                                   ,A     ,0424 0425 0426     ,Round 1   ,2          ,dicerat8            ,dicerat8
.brever.                                                                    ,swordpeace3232                                                              ,A     ,0427 0428 0429     ,Round 1   ,2          ,shoegazes           ,.brever.
ambiguousity_                                                               ,brestelli                                                                   ,B     ,0430 0431 0432     ,Round 1   ,2          ,BRstelli            ,brestelli
SUB 3                                                                       ,testemunha2622                                                              ,b     ,act                ,Round 1   ,0          ,act                 ,act
CheesiMoon                                                                  ,Drby                                                                        ,A     ,0433 0434          ,Round 1   ,2          ,cheesimoon          ,CheesiMoon
LoDart210                                                                   ,_rekkzz_                                                                    ,B     ,0435 0436 0437     ,Round 1   ,2          ,strictsceptile1     ,_rekkzz_
jussydkt                                                                    ,FISH (gypsytea)                                                             ,A     ,0461 0462          ,Round 1   ,2          ,justifine           ,jussydkt
blisy                                                                       ,S.k.magnet                                                                  ,B     ,0441 0443 0444     ,Round 1   ,2          ,MagsAndMiles        ,S.k.magnet
iwasmoth                                                                    ,warupeach                                                                   ,A     ,0438 0439 0440     ,Round 1   ,2          ,MasquerainGaming    ,iwasmoth
lengloi                                                                     ,crustaceus                                                                  ,A     ,0421 0422 0423     ,Round 1   ,2          ,leng loi            ,lengloi
Sophocles                                                                   ,tamafuyu                                                                    ,A     ,0419 0420          ,Round 1   ,2          ,Xenocles            ,Sophocles
ReavenFTW                                                                   ,fayestra                                                                    ,A     ,0416 0417 0418     ,Round 1   ,2          ,singingcrow         ,ReavenFTW
swaggy001066                                                                ,ltg04                                                                       ,A     ,0413 0414 0415     ,Round 1   ,2          ,SteelSwaggy         ,swaggy001066
Himura                                                                      ,Zacynthius02                                                                ,B     ,0411 0412          ,Round 1   ,2          ,Zacynthius          ,Zacynthius02
Svejk97                                                                     ,swope                                                                       ,B     ,0032 0033 0034     ,Round 1   ,2          ,swope               ,swope
Graham (graaahaaam)                                                         ,mintyerb                                                                    ,B     ,0029 0030 0031     ,Round 1   ,2          ,mint yerb           ,mintyerb
allmovingshadows                                                            ,Kenuckz                                                                     ,B     ,0405 0406 0407     ,Round 1   ,2          ,donk27              ,Kenuckz
Wizzyhatg                                                                   ,ChocoboJoe                                                                  ,a     ,act                ,Round 1   ,0          ,act                 ,act
Drekt93#0078                                                                ,SUB 4                                                                       ,a     ,act                ,Round 1   ,0          ,act                 ,act
CHICKENBOOB                                                                 ,sbmalus                                                                     ,B     ,0027 0028          ,Round 1   ,2          ,SBMalus             ,sbmalus
Basharapplejuice                                                            ,Mintyfresh756                                                               ,b     ,act                ,Round 1   ,0          ,act                 ,act
danielsemmson                                                               ,SUB 27                                                                      ,A     ,0403 0404          ,Round 1   ,2          ,kaesespaetzle       ,danielsemmson
btalb                                                                       ,Goodnightloulou                                                             ,a     ,act                ,Round 1   ,0          ,act                 ,act
aquaa                                                                       ,otael                                                                       ,B     ,0401 0402          ,Round 1   ,2          ,otael               ,otael
Forest4269                                                                  ,Mimien97                                                                    ,B     ,0024 0025 0026     ,Round 1   ,2          ,less19chara         ,Mimien97
Stockings                                                                   ,luisin                                                                      ,b     ,act                ,Round 1   ,0          ,act                 ,act
Apostic                                                                     ,Cream314                                                                    ,B     ,0399 0400          ,Round 1   ,2          ,BongMoodeus         ,Cream314
liamworldpeace                                                              ,Lhions                                                                      ,a     ,act                ,Round 1   ,0          ,act                 ,act
SUB 20                                                                      ,denizs8                                                                     ,B     ,0498 0499          ,Round 1   ,2          ,denizzz             ,denizs8
Rezzo                                                                       ,ponzuuu                                                                     ,b     ,act                ,Round 1   ,0          ,act                 ,act
Scrigman                                                                    ,jheff97                                                                     ,A     ,0396 0397 0398     ,Round 1   ,2          ,FlappleFan20        ,Scrigman
shadowinger                                                                 ,marcelbruer                                                                 ,B     ,0393 0394 0395     ,Round 1   ,2          ,marcelbruer         ,marcelbruer
heroin4sale                                                                 ,Bedal.r                                                                     ,A     ,0391 0392          ,Round 1   ,2          ,caraccident65278    ,heroin4sale
Loneling                                                                    ,xho_xho_                                                                    ,b     ,act                ,Round 1   ,0          ,act                 ,act
Mamakoko                                                                    ,loopingpyre                                                                 ,A     ,0388 0389 0390     ,Round 1   ,2          ,Venik777            ,Mamakoko
anashensoul                                                                 ,jotaentrena                                                                 ,B     ,0385 0386 0387     ,Round 1   ,2          ,JCEntrena           ,jotaentrena
coutt                                                                       ,lexi.pup                                                                    ,B     ,0022 0023          ,Round 1   ,2          ,LexiTG              ,lexi.pup
Amir (lordamir & lordamir2)                                                 ,CoffeePour                                                                  ,A     ,0310 0311          ,Round 1   ,2          ,amir                ,Amir (lordamir & lordamir2)
janis105                                                                    ,CraterLake                                                                  ,A     ,0094 0095 0096     ,Round 1   ,2          ,Janis105            ,janis105
litterofbiscuits                                                            ,almbkn                                                                      ,a     ,0382 0383 0384     ,Round 1   ,2          ,Lady_Sundalia       ,litterofbiscuits
Calm Stiege                                                                 ,s_2_w                                                                       ,b     ,0259 0260 0261     ,Round 1   ,2          ,Genexys             ,s_2_w
br.twfb                                                                     ,Luca Dylan                                                                  ,A     ,0202               ,Round 1   ,2          ,lol 30000           ,br.twfb
martconqueso                                                                ,derevien                                                                    ,B     ,0067 0068          ,Round 1   ,2          ,Derevien            ,derevien
tonii5531                                                                   ,tub69                                                                       ,B     ,0189 0190 0191     ,Round 1   ,2          ,tub69               ,tub69
Repiloid                                                                    ,tehpenguinofdoom                                                            ,b     ,0496 0497          ,Round 1   ,2          ,Gulchittious Boi    ,tehpenguinofdoom
chipi                                                                       ,Shifty1239                                                                  ,b     ,0072 0073          ,Round 1   ,2          ,Tasmanian Demon     ,Shifty1239
zettsbro                                                                    ,avongarde_ult                                                               ,a     ,0253 0254          ,Round 1   ,2          ,ur_gfs_next_bf      ,zettsbro
kylemckell                                                                  ,_deacon                                                                     ,B     ,0064 0065 0066     ,Round 1   ,2          ,xdeacon             ,_deacon
triiplemonstre                                                              ,scootymcbooty123                                                            ,a     ,0445 0446 0447     ,Round 1   ,2          ,Beleth7rei          ,triiplemonstre
kvistsivk                                                                   ,etibamecus.                                                                 ,b     ,0513 0514          ,Round 1   ,2          ,TheDHope            ,etibamecus.
elanieunderscore                                                            ,deftbrixton                                                                 ,B     ,0208 0209 0210     ,Round 1   ,2          ,Big John Green      ,deftbrixton
knexhawk                                                                    ,bigjon.                                                                     ,a     ,0319 0320          ,Round 1   ,2          ,knexhawk2           ,knexhawk
Redmoonie                                                                   ,yallen                                                                      ,A     ,0099 0100          ,Round 1   ,2          ,Hexmoonie           ,Redmoonie
temraneee                                                                   ,tibetanator                                                                 ,a     ,0317 0318          ,Round 1   ,2          ,Temrane             ,temraneee
Derde                                                                       ,pat2678                                                                     ,a     ,0493 0494 0495     ,Round 1   ,2          ,Surko               ,Derde
SUB 21                                                                      ,Kenmarijuana                                                                ,b     ,0448 0449 0450     ,Round 1   ,2          ,Kenma likes males   ,Kenmarijuana
Eternum                                                                     ,cepulo                                                                      ,b     ,0511 0512          ,Round 1   ,2          ,Sepulo              ,cepulo
tree69420                                                                   ,SUB 19                                                                      ,a     ,act                ,Round 1   ,0          ,act                 ,act
pinjarrapanther                                                             ,tyler.cox                                                                   ,B     ,0213 0214          ,Round 1   ,2          ,butter dk           ,tyler.cox
nekuyagokoro                                                                ,nihiliros                                                                   ,A     ,0314 0315 0316     ,Round 1   ,2          ,NekuYagokoro        ,nekuyagokoro
SUB 6                                                                       ,Mulikki123                                                                  ,b     ,act                ,Round 1   ,0          ,act                 ,act
bigyunakafan                                                                ,flareliger                                                                  ,B     ,0198 0199          ,Round 1   ,2          ,FlareLiger          ,flareliger
ilikeeatingcrayons                                                          ,Grain_Jar                                                                   ,A     ,0092 0093          ,Round 1   ,2          ,ilikeeatingcrayons  ,ilikeeatingcrayons
darth_halux                                                                 ,Peppeppeia                                                                  ,a     ,0619 0620 0621     ,Round 1   ,2          ,halux               ,darth_halux
Skarpherim                                                                  ,elysyr                                                                      ,A     ,0200 0201          ,Round 1   ,2          ,Skarph☾eRiM         ,Skarpherim
depressioncherry_66209                                                      ,Vholtninja                                                                  ,a     ,0257 0258          ,Round 1   ,2          ,Depres_ionCher_y    ,depressioncherry_66209
YellowHat#0714                                                              ,oskari1707                                                                  ,B     ,0312 0313          ,Round 1   ,2          ,pedrinho n matador  ,oskari1707
nicki4                                                                      ,dazey                                                                       ,A     ,0215 0216 0217     ,Round 1   ,2          ,SSBM Nicki          ,nicki4
Rebatca                                                                     ,Fantasmal_.                                                                 ,B     ,0090 0091          ,Round 1   ,2          ,Faantome            ,Fantasmal_.
shinyhunter8013                                                             ,olliertlol                                                                  ,b     ,0490 0491 0492     ,Round 1   ,2          ,olliert             ,olliertlol
ilovemygrandma444                                                           ,stolenpaper                                                                 ,b     ,act                ,Round 1   ,0          ,act                 ,act
thestonewallsmith                                                           ,msousa                                                                      ,a     ,0487 0488 0489     ,Round 1   ,2          ,thestonewallsmith   ,thestonewallsmith
saltocorto                                                                  ,dfr2248                                                                     ,A     ,0187 0188          ,Round 1   ,2          ,salto               ,saltocorto
rovels                                                                      ,Melninja                                                                    ,A     ,0088 0089          ,Round 1   ,2          ,Rovels              ,rovels
bd31                                                                        ,SUB 7                                                                       ,a     ,act                ,Round 1   ,0          ,act                 ,act
inkyno1                                                                     ,michaelmeets                                                                ,b     ,act                ,Round 1   ,0          ,act                 ,act
steffmoney                                                                  ,strawbbz                                                                    ,A     ,0662 0663 0664     ,Round 1   ,2          ,steffmula           ,steffmoney
xerospacious                                                                ,Pressle54                                                                   ,A     ,0659 0660 0661     ,Round 1   ,2          ,xerospacious        ,xerospacious
Kenava                                                                      ,etymon_                                                                     ,B     ,0657 0658          ,Round 1   ,2          ,EtymonLegomenon     ,etymon_
mcgowin (ID: lgv#9084)                                                      ,choicescarf002                                                              ,B     ,0655 0656          ,Round 1   ,2          ,naisuneicha         ,choicescarf002
squirtle_squadbig_squatto                                                   ,gpd_123                                                                     ,A     ,0652 0653 0654     ,Round 1   ,2          ,Big_Squatto         ,squirtle_squadbig_squatto
sprasle                                                                     ,hansenator.                                                                 ,B     ,0650 0651          ,Round 1   ,2          ,Hansenator          ,hansenator.
bergenseren                                                                 ,firecracker1195                                                             ,B     ,act                ,Round 1   ,0          ,act                 ,act
JxJ                                                                         ,mmtimmo                                                                     ,B     ,0647 0648 0649     ,Round 1   ,2          ,Mister Tim          ,mmtimmo
mafx                                                                        ,leofox___                                                                   ,B     ,0644 0645 0646     ,Round 1   ,2          ,the band pet        ,leofox___
SUB 29                                                                      ,gudemuch                                                                    ,B     ,0642 0643          ,Round 1   ,2          ,loleinsmaragd       ,gudemuch
ccgeek_                                                                     ,GSC_Lover_Boy                                                               ,A     ,0640 0641          ,Round 1   ,2          ,CCGeek              ,ccgeek_
samjamslam                                                                  ,BlerpDerpSkerp                                                              ,A     ,0637 0638 0639     ,Round 1   ,2          ,LilBigBamSam        ,samjamslam
UsernameABCD                                                                ,Raven_queen                                                                 ,B     ,0635 0636          ,Round 1   ,2          ,corvid_queen        ,Raven_queen
2coinsglued                                                                 ,thefattestofyoshis                                                          ,B     ,act                ,Round 1   ,0          ,act                 ,act
TacCat                                                                      ,rizzarroflame                                                               ,A     ,0633 0634 0665     ,Round 1   ,2          ,taccat              ,TacCat
.alig.                                                                      ,cisconduct                                                                  ,B     ,0631 0632          ,Round 1   ,2          ,ali.gnome           ,cisconduct
dadaasdcfaw                                                                 ,SUB 8                                                                       ,A     ,act                ,Round 1   ,0          ,act                 ,act
Pabby_1805                                                                  ,wombatbaby                                                                  ,B     ,0629 0630          ,Round 1   ,2          ,WombatBaby          ,wombatbaby
SpeccyGames                                                                 ,luukthegamer                                                                ,B     ,0627 0628          ,Round 1   ,2          ,LuukTheGamer        ,luukthegamer
Axselo                                                                      ,lemann8184                                                                  ,A     ,act                ,Round 1   ,0          ,act                 ,act
jahim_                                                                      ,owlman7507                                                                  ,B     ,0624 0625 0626     ,Round 1   ,2          ,leoperi99           ,owlman7507
kebinsan                                                                    ,venomshoc                                                                   ,B     ,0622 0623          ,Round 1   ,2          ,VZR                 ,venomshoc
PuruglyIsUgly                                                               ,CodeRedSP                                                                   ,A     ,0617 0618          ,Round 1   ,2          ,PuruglyIsUgly       ,PuruglyIsUgly
girlevader                                                                  ,LevysChair                                                                  ,B     ,0671 0672          ,Round 1   ,2          ,Levy's Chair        ,LevysChair
I am the Jarl                                                               ,erfder (old style Erfder#3147)                                              ,A     ,0614 0615 0616     ,Round 1   ,2          ,Shreddersam         ,I am the Jarl
Tefo                                                                        ,no8ull                                                                      ,A     ,0612 0613          ,Round 1   ,2          ,TefoShark           ,Tefo
dragonsareoptimal                                                           ,SentientSanchez                                                             ,A     ,0609 0610 0611     ,Round 1   ,2          ,Nardgo              ,dragonsareoptimal
halbertsimpson                                                              ,Saint-ome                                                                   ,B     ,0605 0606 0608     ,Round 1   ,2          ,gorditoconbigote    ,Saint-ome
vy_apostrophe                                                               ,med470                                                                      ,B     ,0603 0604          ,Round 1   ,2          ,scald<focusmiss     ,med470
realfredrickDOUGLASS                                                        ,sopphaking                                                                  ,A     ,0600 0673 0602     ,Round 1   ,2          ,sbibling            ,realfredrickDOUGLASS
Alargemongoose                                                              ,mugua (purple Pikmin pfp)                                                   ,A     ,0598 0599          ,Round 1   ,2          ,alargemongoose      ,Alargemongoose
_uka                                                                        ,Colby2D                                                                     ,A     ,0669 0670          ,Round 1   ,2          ,Team Constantin     ,_uka
kewta                                                                       ,busyboi                                                                     ,B     ,0596 0597          ,Round 1   ,2          ,busyboi             ,busyboi
jensendale                                                                  ,gstrem_                                                                     ,B     ,0594 0595          ,Round 1   ,2          ,Aburame Nation      ,gstrem_
J0af                                                                        ,hachimaki.                                                                  ,A     ,act                ,Round 1   ,0          ,act                 ,act
moggie776                                                                   ,cremozar#6029                                                               ,B     ,0592 0593          ,Round 1   ,2          ,cremozar            ,cremozar#6029
valyns                                                                      ,Sificon                                                                     ,B     ,0590 0591          ,Round 1   ,2          ,Sificon~            ,Sificon
Beignet                                                                     ,berkyderky                                                                  ,A     ,0587 0588 0589     ,Round 1   ,2          ,beignet2            ,Beignet
soulive                                                                     ,DanWhoDis                                                                   ,B     ,0585 0586          ,Round 1   ,2          ,DanteADV            ,DanWhoDis
greencatkid                                                                 ,goldthe1andonly                                                             ,a     ,0135 0136 0137     ,Round 1   ,2          ,GreenCatKid         ,greencatkid
treyprime                                                                   ,doomlsinger                                                                 ,a     ,0578 0579          ,Round 1   ,2          ,muk fan             ,treyprime
heyitsmeriley                                                               ,wwwmonmon                                                                   ,a     ,0575 0576 0577     ,Round 1   ,2          ,hey its me riley    ,heyitsmeriley
.GeneralRevan                                                               ,Moneybaggslowbro                                                            ,a     ,0138 0139          ,Round 1   ,2          ,G3neralR3van        ,.GeneralRevan
"rbvengeance (Nicknamed RBV in the server, you can use this as a shorthand)",kingkpak#0546                                                               ,a     ,0573 0574          ,Round 1   ,2          ,RBVengeance         ,"rbvengeance (Nicknamed RBV in the server, you can use this as a shorthand)"
wiilink100                                                                  ,thegreatest23                                                               ,a     ,0570 0571 0572     ,Round 1   ,2          ,wiilink100          ,wiilink100
imcob                                                                       ,MoxieKrok                                                                   ,a     ,0568 0569          ,Round 1   ,2          ,COB 8               ,imcob
le_penseur                                                                  ,isaiahterveen                                                               ,b     ,0140 0141 0142     ,Round 1   ,2          ,MeatballSpaghetti   ,isaiahterveen
skittleskitty                                                               ,onewhorants                                                                 ,a     ,0566 0567          ,Round 1   ,2          ,Skittle_Skity       ,skittleskitty
resen                                                                       ,@aevitostrath or Timehacker Aevitos                                         ,a     ,0564 0565          ,Round 1   ,2          ,resen65             ,resen
durmain (slamonBbq)                                                         ,Antinomy                                                                    ,a     ,0143 0144          ,Round 1   ,2          ,SlamonBbq           ,durmain (slamonBbq)
SUB 9                                                                       ,SoCalSon                                                                    ,b     ,act                ,Round 1   ,0          ,act                 ,act
gogozeppeli1890 (rconquer)                                                  ,Hidan.0/idfk                                                                ,a     ,0561 0562 0563     ,Round 1   ,2          ,go-go-zeppeli-1890  ,gogozeppeli1890 (rconquer)
ashvinbutduck                                                               ,SUB 10                                                                      ,a     ,act                ,Round 1   ,0          ,act                 ,act
gambling.goddess                                                            ,datguycactus                                                                ,b     ,0145 0146          ,Round 1   ,2          ,datguycactus        ,datguycactus
@geosesarma                                                                 ,madelinmorningstar                                                          ,b     ,0559 0560          ,Round 1   ,2          ,MadelinMorningStar  ,madelinmorningstar
tavi_tavi                                                                   ,yadyaksh                                                                    ,b     ,0147 0148 0149     ,Round 1   ,2          ,auxplr              ,yadyaksh
JoJ                                                                         ,.aj2.0                                                                      ,a     ,0556 0557 0558     ,Round 1   ,2          ,ljsampson           ,JoJ
Pulcsii                                                                     ,larkindred                                                                  ,b     ,0554 0555          ,Round 1   ,2          ,Larkindred          ,larkindred
.seden                                                                      ,biluv_v                                                                     ,a     ,0150 0151          ,Round 1   ,2          ,prof clue           ,.seden
.FunkyCop                                                                   ,egocheck                                                                    ,b     ,0552 0553          ,Round 1   ,2          ,DunsparceGamer      ,egocheck
bdicap                                                                      ,TRXXJEH                                                                     ,b     ,0549 0550 0551     ,Round 1   ,2          ,TRXXJEH             ,TRXXJEH
moistmania                                                                  ,MrBluestacks                                                                ,a     ,0547 0548          ,Round 1   ,2          ,moistmania          ,moistmania
kalarse                                                                     ,1captainmorgan                                                              ,b     ,0545 0546          ,Round 1   ,2          ,icypatek            ,1captainmorgan
Birthdayninja                                                               ,MCJD931                                                                     ,b     ,0152 0153          ,Round 1   ,2          ,MCJD931             ,MCJD931
Attazer                                                                     ,realshelly                                                                  ,a     ,0154 0155 0156     ,Round 1   ,2          ,Attalyn             ,Attazer
doc.steel                                                                   ,Forte_French                                                                ,b     ,0157 0158 0159 0160,Round 1   ,0          ,HeyYa!_Forte        ,Forte_French
Pietro Giuffra                                                              ,tj_srevlis                                                                  ,b     ,0542 0543 0544     ,Round 1   ,2          ,advwtrainingwheels  ,tj_srevlis
charku                                                                      ,Jsockamisama                                                                ,b     ,0161 0162          ,Round 1   ,2          ,Gen 1 for eva       ,Jsockamisama
Ghostmalone.                                                                ,chrisdrums19                                                                ,a     ,0540 0541          ,Round 1   ,2          ,Ghost Melone        ,Ghostmalone.
Agustin Palacios                                                            ,javiercar#9743                                                              ,a     ,0538 0539          ,Round 1   ,2          ,Blaniom             ,Agustin Palacios
lemonlc                                                                     ,starii88                                                                    ,a     ,0535 0536 0537     ,Round 1   ,2          ,Lemon LC            ,lemonlc
mintchocolateguy                                                            ,zioplys                                                                     ,a     ,0163 0164          ,Round 1   ,2          ,MintChocolateGuy    ,mintchocolateguy
lucyisafish                                                                 ,UnzipsCrogre                                                                ,b     ,0533 0534          ,Round 1   ,2          ,UnzipsCrogre        ,UnzipsCrogre
monchooo                                                                    ,nemesis_deno                                                                ,a     ,0526 0527 0528     ,Round 1   ,2          ,monchooo            ,monchooo
lemon04                                                                     ,jozin457                                                                    ,b     ,0165 0166          ,Round 1   ,2          ,jozin457            ,jozin457
billgatesalt_53189                                                          ,saiyanpride.                                                                ,a     ,0523 0524 0525     ,Round 1   ,2          ,BillGatesAlt        ,billgatesalt_53189
lawn1826                                                                    ,ditdus.                                                                     ,b     ,0521 0522          ,Round 1   ,2          ,Dit Dus             ,ditdus.
dabebri                                                                     ,woeishuen                                                                   ,b     ,0518 0519 0520     ,Round 1   ,2          ,woeishuen           ,woeishuen
IAmGolden.                                                                  ,Aahaahaah                                                                   ,B     ,act                ,Round 1   ,0          ,act                 ,act
zxgzxg                                                                      ,yuramas                                                                     ,A     ,0178 0179          ,Round 1   ,2          ,zxgzxg              ,zxgzxg
Papa Escargo                                                                ,comseal                                                                     ,A     ,0048 0049          ,Round 1   ,2          ,Crab person         ,Papa Escargo
usbreon                                                                     ,felipe01788_                                                                ,B     ,0286 0287 0288     ,Round 1   ,2          ,felipe01788         ,felipe01788_
voidvolta                                                                   ,peabnut                                                                     ,A     ,act                ,Round 1   ,0          ,act                 ,act
bruh504                                                                     ,Lawrencelot                                                                 ,a     ,0693 0694          ,Round 1   ,2          ,Xurkiyee            ,bruh504
xamvius                                                                     ,fastandsleepy                                                               ,B     ,0284 0285          ,Round 1   ,2          ,no more bad dreams  ,fastandsleepy
jpmockman                                                                   ,ShotoNC                                                                     ,b     ,0695 0696 0697     ,Round 1   ,2          ,ShotoNC             ,ShotoNC
koentjelub                                                                  ,Daeronchick                                                                 ,A     ,0180 0181          ,Round 1   ,2          ,Koentjelub          ,koentjelub
Kydreith33                                                                  ,prestonv                                                                    ,a     ,0698 0699 0700     ,Round 1   ,2          ,kydreith33          ,Kydreith33
jd_orph                                                                     ,SUB 22                                                                      ,A     ,act                ,Round 1   ,0          ,act                 ,act
brunocoolgamers                                                             ,skitz_money                                                                 ,B     ,0302 0303          ,Round 1   ,2          ,SKITZ_MONEY         ,skitz_money
Ho_Chi                                                                      ,peacemaker040                                                               ,A     ,0299 0300 0301     ,Round 1   ,2          ,HoChi_Pro           ,Ho_Chi
green.9082                                                                  ,myrox123                                                                    ,B     ,act                ,Round 1   ,0          ,act                 ,act
mewunderscoretwo                                                            ,dylan69__                                                                   ,B     ,0184 0185 0186     ,Round 1   ,2          ,thedolla            ,dylan69__
sanbaibeepo                                                                 ,KeshBa45                                                                    ,B     ,0182 0183          ,Round 1   ,2          ,KeshBa45            ,KeshBa45
truelawbringer                                                              ,_honua                                                                      ,A     ,0206 0207          ,Round 1   ,2          ,True Lawbringer     ,truelawbringer
pLzzazz                                                                     ,Yatagarasuwu                                                                ,a     ,0701 0702          ,Round 1   ,2          ,plzzazz             ,pLzzazz
clinkbug                                                                    ,FaceOFF                                                                     ,b     ,0703 0704 0705     ,Round 1   ,2          ,FaceOFF3141         ,FaceOFF
SUB 11                                                                      ,ultraemeraldman_16197                                                       ,B     ,act                ,Round 1   ,0          ,act                 ,act
dorugang                                                                    ,biff_the_banana                                                             ,A     ,0175 0176 0177     ,Round 1   ,2          ,T1W1B               ,dorugang
kuru1432                                                                    ,SUB 18                                                                      ,A     ,act                ,Round 1   ,0          ,act                 ,act
Superstar                                                                   ,.turkeyleg                                                                  ,a     ,act                ,Round 1   ,0          ,act                 ,act
.germ_                                                                      ,epiclyepicgamer                                                             ,A     ,0203 0204 0205     ,Round 1   ,2          ,xgermx              ,.germ_
Jibca                                                                       ,doh#5604                                                                    ,A     ,0167 0168 0169     ,Round 1   ,2          ,dajib               ,Jibca
Rainer7849                                                                  ,jew9318                                                                     ,A     ,0280 0281          ,Round 1   ,2          ,Rainer2424          ,Rainer7849
nick_parenti                                                                ,yd12k                                                                       ,B     ,0174 0173          ,Round 1   ,2          ,yd12k               ,yd12k
rajime.                                                                     ,.verb                                                                       ,b     ,0706 0707          ,Round 1   ,2          ,verbatim            ,.verb
@struggles_under_pressure                                                   ,.lucky_7.                                                                   ,a     ,0708 0709          ,Round 1   ,2          ,SoapierMage5794     ,@struggles_under_pressure
gorbinator.                                                                 ,dragonlord6954                                                              ,a     ,0710 0711          ,Round 1   ,2          ,TheLargestLad       ,gorbinator.
jeem16                                                                      ,HakkihanTunbak (I recently joined the discord)                              ,A     ,0170 0171 0172     ,Round 1   ,2          ,jeem16              ,jeem16
SUB 24                                                                      ,wavy_ish                                                                    ,b     ,0712 0713 0714     ,Round 1   ,2          ,wavyish             ,wavy_ish
SUB 12                                                                      ,Polt99                                                                      ,B     ,act                ,Round 1   ,0          ,act                 ,act
ghostreported                                                               ,glucoseguardian1                                                            ,A     ,0074 0075          ,Round 1   ,2          ,Organic Oranges     ,ghostreported
hipimochi                                                                   ,cleffacutie                                                                 ,a     ,0715 0716 0717     ,Round 1   ,2          ,Hipimochi           ,hipimochi
Musical_box                                                                 ,legoerofeggos                                                               ,b     ,0718 0719          ,Round 1   ,2          ,legoerofeggos       ,legoerofeggos
tanao                                                                       ,thedarvinist                                                                ,B     ,0046 0047          ,Round 1   ,2          ,Big Chungus irl     ,thedarvinist
luca                                                                        ,darth0068                                                                   ,b     ,0720 0721          ,Round 1   ,2          ,Darth33             ,darth0068
enkiduofficial                                                              ,Nuskadamo                                                                   ,b     ,act                ,Round 1   ,0          ,act                 ,act
diamonddiancie                                                              ,Wifike                                                                      ,a     ,0101 0102 0103     ,Round 1   ,2          ,DiamondDiancie25    ,diamonddiancie
triskeriaki                                                                 ,Cyber-DJ                                                                    ,b     ,0451 0452          ,Round 1   ,2          ,yt-cyber-dj         ,Cyber-DJ
chad.lagos                                                                  ,Tyxerns                                                                     ,b     ,0118 0119          ,Round 1   ,2          ,Tyxerns             ,Tyxerns
bloomsmiles                                                                 ,caps lock 3009                                                              ,b     ,0453 0454          ,Round 1   ,2          ,Capitao General ll  ,caps lock 3009
SgtPingwen                                                                  ,SUB 25                                                                      ,a     ,0508 0509 0510     ,Round 1   ,2          ,SgtPingwen          ,SgtPingwen
Redrame                                                                     ,gonzasaurio50                                                               ,b     ,0192 0193 0194     ,Round 1   ,2          ,Gonzasaurio 50      ,gonzasaurio50
Melee Minion                                                                ,poosh_i                                                                     ,a     ,0506 0507          ,Round 1   ,2          ,Melee Minion        ,Melee Minion
jerdgerd                                                                    ,treeshhhh                                                                   ,a     ,act                ,Round 1   ,0          ,act                 ,act
almarkowbender                                                              ,Albatross115                                                                ,a     ,0306 0307 0308 0309,Round 1   ,0          ,almarkowbender      ,almarkowbender
theepiccd56                                                                 ,lucida                                                                      ,b     ,0115 0116 0117     ,Round 1   ,2          ,SixOfRobins         ,lucida
Witchgender                                                                 ,ThunderousBagel                                                             ,b     ,0304 0305          ,Round 1   ,2          ,thunderousbagel     ,ThunderousBagel
theamazingeevee                                                             ,HunarPG                                                                     ,b     ,0044 0045          ,Round 1   ,2          ,HunarPG             ,HunarPG
secondari                                                                   ,ellieofficialvevo                                                           ,A     ,0722 0723          ,Round 1   ,2          ,Key to Life         ,secondari
plznostep                                                                   ,chtx                                                                        ,a     ,0293 0294 0295     ,Round 1   ,2          ,plznostep           ,plznostep
wyli.olivete                                                                ,danielck9797                                                                ,b     ,0112 0113 0114     ,Round 1   ,2          ,mysticaisand        ,danielck9797
evilartnboy                                                                 ,executive_assistant                                                         ,b     ,act                ,Round 1   ,0          ,act                 ,act
f1remaster (Hikari)                                                         ,SUB 13                                                                      ,a     ,act                ,Round 1   ,0          ,act                 ,act
sieefffmon                                                                  ,SUB 15                                                                      ,a     ,act                ,Round 1   ,0          ,act                 ,act
pac_rojo                                                                    ,air602                                                                      ,a     ,0042 0043          ,Round 1   ,2          ,CazabichosPablo     ,pac_rojo
SUB 26                                                                      ,Chris2324                                                                   ,b     ,0039 0040 0041     ,Round 1   ,2          ,Chrisjde            ,Chris2324
4lowray                                                                     ,Baptista                                                                    ,a     ,0109 0110 0111     ,Round 1   ,2          ,4lowrey             ,4lowray
Tiberiusfieri                                                               ,SUB 14                                                                      ,a     ,act                ,Round 1   ,0          ,act                 ,act
papajefe                                                                    ,Dray_jd                                                                     ,b     ,0251 0252          ,Round 1   ,2          ,DraykOP             ,Dray_jd
nadiddhrabb                                                                 ,bobjoecarl                                                                  ,a     ,0504 0505          ,Round 1   ,2          ,Dhrabb              ,nadiddhrabb
iNeedJuuce                                                                  ,dimiswooner                                                                 ,a     ,0120 0121 0122     ,Round 1   ,2          ,please ban rachi    ,iNeedJuuce
dhgss                                                                       ,millingwinds                                                                ,a     ,0249 0250          ,Round 1   ,2          ,Dhgss               ,dhgss
Jabba                                                                       ,Psychokinetic4                                                              ,a     ,act                ,Round 1   ,0          ,act                 ,act
kool_kat.                                                                   ,Don7331                                                                     ,b     ,0246 0247 0248     ,Round 1   ,2          ,smokingrocks        ,Don7331
terradayy                                                                   ,James67                                                                     ,a     ,0195 0196 0197     ,Round 1   ,2          ,valiantbattlerextr  ,terradayy
bevreeze                                                                    ,Guebor                                                                      ,b     ,0291 0292          ,Round 1   ,2          ,guebor              ,Guebor
Lunasran                                                                    ,poots6476                                                                   ,a     ,0580 0581 0582     ,Round 1   ,2          ,lunasran            ,Lunasran
Samnyg                                                                      ,deckline                                                                    ,b     ,0037 0038          ,Round 1   ,2          ,Deckline            ,deckline
diegoin10                                                                   ,roofb                                                                       ,a     ,0255 0256          ,Round 1   ,2          ,DiegoIn             ,diegoin10
countsligo                                                                  ,Typlion                                                                     ,b     ,0106 0107 0108     ,Round 1   ,2          ,RevivalTyp          ,Typlion
SUB 17                                                                      ,themightyq99                                                                ,b     ,act                ,Round 1   ,0          ,act                 ,act
SUB 16                                                                      ,Sorenkazer                                                                  ,b     ,act                ,Round 1   ,0          ,act                 ,act
Reptikrook                                                                  ,grahamsandwich                                                              ,b     ,0035 0036          ,Round 1   ,2          ,GarhamSandich       ,grahamsandwich
bohrier                                                                     ,Nunleft                                                                     ,a     ,0455 0456 0457     ,Round 1   ,2          ,RetiredBohrier      ,bohrier
kinglazi                                                                    ,Dwightasaurus                                                               ,b     ,0104 0105          ,Round 1   ,2          ,antantantantant     ,Dwightasaurus
Altina                                                                      ,luisin                                                                      ,b     ,1138 1139          ,Round 2   ,2          ,luisin              ,luisin
Fakes                                                                       ,elmagneto                                                                   ,a     ,0734 0735          ,Round 2   ,2          ,Fakes               ,Fakes
Triangles                                                                   ,samjamslam                                                                  ,a     ,1088 1089          ,Round 2   ,2          ,triangles           ,Triangles
pkLeech                                                                     ,pLzzazz                                                                     ,a     ,1173 1174 1175     ,Round 2   ,2          ,pkleech             ,pkLeech
Fear                                                                        ,yd12k                                                                       ,a     ,1090 1091 1092     ,Round 2   ,2          ,Fear                ,Fear
jumpy23                                                                     ,TacCat                                                                      ,a     ,1093 1094          ,Round 2   ,2          ,I'm the Dome Ace    ,jumpy23
Leo                                                                         ,zettsbro                                                                    ,a     ,act                ,Round 2   ,0          ,act                 ,act
Kollin                                                                      ,legoerofeggos                                                               ,a     ,1100 1140          ,Round 2   ,2          ,Kollin7             ,Kollin
Blues                                                                       ,koentjelub                                                                  ,a     ,1196 1197          ,Round 2   ,2          ,bluesenergy00       ,Blues
Pak                                                                         ,GreenCity                                                                   ,b     ,0736 0737          ,Round 2   ,2          ,GreenCity           ,GreenCity
River                                                                       ,Dray_jd                                                                     ,a     ,0738 0739          ,Round 2   ,2          ,violet river        ,River
Voyager                                                                     ,MCJD931                                                                     ,a     ,0740 0741          ,Round 2   ,2          ,Voyager             ,Voyager
Carapinga                                                                   ,KeshBa45                                                                    ,A     ,0742 0743 0744     ,Round 2   ,2          ,Eduardo Carapinga   ,Carapinga
Mielke                                                                      ,Lunasran                                                                    ,a     ,1200 1201 1202     ,Round 2   ,2          ,3 blades            ,Mielke
Tyros                                                                       ,thefattestofyoshis                                                          ,a     ,1135 1136 1137     ,Round 2   ,2          ,DarthTyros          ,Tyros
Pokology                                                                    ,Skarpherim                                                                  ,a     ,1132 1133 1134     ,Round 2   ,2          ,pokology2           ,Pokology
void                                                                        ,depressioncherry_66209                                                      ,b     ,1130 1131          ,Round 2   ,2          ,Depres_ionCher_y    ,depressioncherry_66209
laxuy                                                                       ,zy___                                                                       ,a     ,1127 1128 1129     ,Round 2   ,2          ,lax                 ,laxuy
Big Will                                                                    ,Eggman                                                                      ,b     ,1141 1142          ,Round 2   ,2          ,BCLLCB              ,Eggman
JR                                                                          ,style_purposes                                                              ,a     ,1074 1075          ,Round 2   ,2          ,ojr                 ,JR
Sheik                                                                       ,ashvinbutduck                                                               ,a     ,1399 1400          ,Round 2   ,2          ,Sheik               ,Sheik
48                                                                          ,diamonddiancie                                                              ,a     ,0745 0746 0747     ,Round 2   ,2          ,Quarante8           ,48
Spfunkm                                                                     ,firecracker1195                                                             ,a     ,0748 0749          ,Round 2   ,2          ,spfunkm             ,Spfunkm
Johnald                                                                     ,flareliger                                                                  ,a     ,1143 1144          ,Round 2   ,2          ,Ooziegib            ,Johnald
W_R                                                                         ,gorbinator.                                                                 ,b     ,1122 1123 1124     ,Round 2   ,2          ,TheLargestLad       ,gorbinator.
D3stiny                                                                     ,dadaasdcfaw                                                                 ,a     ,1081 1082          ,Round 2   ,2          ,EG Sato             ,D3stiny
Zacpz                                                                       ,_rekkzz_                                                                    ,A     ,0750 0751          ,Round 2   ,2          ,zacpz               ,Zacpz
Segale                                                                      ,myrox123                                                                    ,a     ,1079 1080          ,Round 2   ,2          ,Segale              ,Segale
Zerkas                                                                      ,dragonsareoptimal                                                           ,b     ,0752 0753          ,Round 2   ,2          ,Nardgo              ,dragonsareoptimal
Colteor                                                                     ,Sophocles                                                                   ,b     ,1076 1077 1078     ,Round 2   ,2          ,Xenocles            ,Sophocles
earlgr3y                                                                    ,Jabba                                                                       ,a     ,1120 1121          ,Round 2   ,2          ,earl gr3y           ,earlgr3y
goldmason                                                                   ,Nuskadamo                                                                   ,a     ,act                ,Round 2   ,0          ,act                 ,act
Celdanami                                                                   ,mintchocolateguy                                                            ,b     ,1117 1118 1119     ,Round 2   ,2          ,MintChocolateGuy    ,mintchocolateguy
ThisGuyMuks                                                                 ,@struggles_under_pressure                                                   ,a     ,1115 1116          ,Round 2   ,2          ,ThisGuyMuks         ,ThisGuyMuks
Christos                                                                    ,Goose824                                                                    ,b     ,1112 1113 1114     ,Round 2   ,2          ,BL0X                ,Goose824
Dridri457                                                                   ,lengloi                                                                     ,b     ,0754 0755          ,Round 2   ,2          ,leng loi            ,lengloi
DeezCastforms                                                               ,truelawbringer                                                              ,a     ,1151 1152 1153     ,Round 2   ,2          ,Deezcastforms       ,DeezCastforms
Zelph                                                                       ,choicescarf002                                                              ,a     ,1397 1398          ,Round 2   ,2          ,EG Zelph            ,Zelph
Figull400                                                                   ,Simonf                                                                      ,a     ,1209 1210 1211     ,Round 2   ,2          ,Figull400           ,Figull400
Don Tonionie                                                                ,scurrying_snail                                                             ,A     ,1072 1073          ,Round 2   ,2          ,themessiah1         ,Don Tonionie
Bhol                                                                        ,lucida                                                                      ,A     ,0825 0826          ,Round 2   ,2          ,Bhol                ,Bhol
xTina                                                                       ,dhgss                                                                       ,B     ,1206 1207 1208     ,Round 2   ,2          ,Dhgss               ,dhgss
Texas Cloverleaf                                                            ,swaggy001066                                                                ,B     ,0827 0828 0829     ,Round 2   ,2          ,SteelSwaggy         ,swaggy001066
OOZ                                                                         ,jankcity                                                                    ,B     ,0830 0831          ,Round 2   ,2          ,jank_city.mp4       ,jankcity
Evakiyama                                                                   ,Axselo                                                                      ,A     ,1083 1084          ,Round 2   ,2          ,kittencel           ,Evakiyama
Futtoka                                                                     ,moistmania                                                                  ,B     ,0832 0833          ,Round 2   ,2          ,moistly moist       ,moistmania
Kai (aplgd)                                                                 ,Melee Minion                                                                ,A     ,1328 1329          ,Round 2   ,2          ,aplaguedoc ❤️       ,Kai (aplgd)
Vayun                                                                       ,nekuyagokoro                                                                ,a     ,0834 0835          ,Round 2   ,2          ,Vermillion Gangsta  ,Vayun
MeEsSm                                                                      ,resen                                                                       ,A     ,1085 1086 1087     ,Round 2   ,2          ,MeEsSm              ,MeEsSm
kingofironfrisk                                                             ,triiplemonstre                                                              ,B     ,0836 0837 0838     ,Round 2   ,2          ,Beleth7rei          ,triiplemonstre
OopsAllDeoxys                                                               ,terradayy                                                                   ,A     ,1095 1096 1097     ,Round 2   ,2          ,oopsalldeoxys       ,OopsAllDeoxys
Exiline                                                                     ,witgiz                                                                      ,A     ,1098 1099          ,Round 2   ,2          ,Ivoire              ,Exiline
xGangg                                                                      ,oskari1707                                                                  ,B     ,1145 1146          ,Round 2   ,2          ,Oskari SOSA         ,oskari1707
shawtyyyyyyy                                                                ,danielsemmson                                                               ,A     ,0839 0840 0841     ,Round 2   ,2          ,marsandback         ,shawtyyyyyyy
Mackenzie                                                                   ,@spreek                                                                     ,B     ,1154 1155 1156     ,Round 2   ,2          ,Spreek              ,@spreek
Alice                                                                       ,Kenuckz                                                                     ,A     ,0842 0843          ,Round 2   ,2          ,ALlCE               ,Alice
Sanke Carp                                                                  ,The_Badger1230                                                              ,a     ,1428 1429 1430     ,Round 2   ,2          ,SANKE CARP          ,Sanke Carp
Oathkeeper                                                                  ,Attazer                                                                     ,B     ,1149 1150          ,Round 2   ,2          ,Attalyn             ,Attazer
xXEricXx                                                                    ,bohrier                                                                     ,A     ,1160 1161          ,Round 2   ,2          ,xXEricXx            ,xXEricXx
Marshy                                                                      ,med470                                                                      ,b     ,1162 1163 1164     ,Round 2   ,2          ,scald>focusmiss     ,med470
Churi                                                                       ,voidvolta                                                                   ,A     ,1165 1166          ,Round 2   ,2          ,Churielix           ,Churi
OOF_MAXIMA                                                                  ,Papa Escargo                                                                ,B     ,0844 0845          ,Round 2   ,2          ,crab person         ,Papa Escargo
Buzzed                                                                      ,mmtimmo                                                                     ,B     ,0846 0847          ,Round 2   ,2          ,Mister Tim          ,mmtimmo
Incognition                                                                 ,Tiberiusfieri                                                               ,A     ,act                ,Round 2   ,0          ,act                 ,act
Tempokin                                                                    ,Felizelise                                                                  ,A     ,0850 0851          ,Round 2   ,2          ,tempokin            ,Tempokin
Egor                                                                        ,iwasmoth                                                                    ,A     ,0848 0849          ,Round 2   ,2          ,Eg0r                ,Egor
King Raska                                                                  ,br.twfb                                                                     ,b     ,1401 1402 1403 1404,Round 2   ,0          ,vbncvx              ,br.twfb
qsns                                                                        ,fastandsleepy                                                               ,B     ,1168 1169 1170     ,Round 2   ,2          ,no more bad dreams  ,fastandsleepy
Cyberas                                                                     ,felipe01788_                                                                ,A     ,1176 1177          ,Round 2   ,2          ,cyberas             ,Cyberas
Cake                                                                        ,madelinmorningstar                                                          ,A     ,1167 1178          ,Round 2   ,2          ,Cakeconnesseur      ,Cake
TechSavage                                                                  ,TRXXJEH                                                                     ,B     ,0852 0853 0854     ,Round 2   ,2          ,TRXXJEH             ,TRXXJEH
Mantis                                                                      ,1captainmorgan                                                              ,A     ,0855 0856          ,Round 2   ,2          ,RodentCollector     ,Mantis
Otto                                                                        ,HunarPG                                                                     ,A     ,1183 1184          ,Round 2   ,2          ,kaboom64            ,Otto
Hinkage                                                                     ,tree69420                                                                   ,B     ,0857 0858 0859     ,Round 2   ,2          ,Tree69420           ,tree69420
Seradess                                                                    ,deftbrixton                                                                 ,A     ,0860 0861          ,Round 2   ,2          ,Seradess            ,Seradess
Dancing Along/Abreaction                                                    ,Ghostmalone.                                                                ,B     ,1325 1326 1327     ,Round 2   ,2          ,Ghost Melone        ,Ghostmalone.
Just_Leo                                                                    ,owlman7507                                                                  ,B     ,0862 0863 0864     ,Round 2   ,2          ,leoperi99           ,owlman7507
Zinc                                                                        ,isaiahterveen                                                               ,A     ,0865 0866          ,Round 2   ,2          ,zinc3               ,Zinc
DastardlyDwarf                                                              ,Sificon                                                                     ,B     ,0931 0932          ,Round 2   ,2          ,Sificon~            ,Sificon
gogozeppeli1890 (rconquer)                                                  ,ShotoNC                                                                     ,B     ,1344 1345 1346     ,Round 2   ,2          ,ShotoNC             ,ShotoNC
ghostreported                                                               ,busyboi                                                                     ,A     ,1323 1324          ,Round 2   ,2          ,Organic Oranges     ,ghostreported
cepulo                                                                      ,Alargemongoose                                                              ,A     ,1341 1342 1343     ,Round 2   ,2          ,Sepulo              ,cepulo
nicki4                                                                      ,Leeto64                                                                     ,A     ,1318 1319 1320     ,Round 2   ,2          ,SSBM Nicki          ,nicki4
b1ur                                                                        ,hipimochi                                                                   ,A     ,0928 0929 0930     ,Round 2   ,2          ,b1urry              ,b1ur
Upon_Link_Main                                                              ,michaelmeets                                                                ,A     ,0926 0927          ,Round 2   ,2          ,UponLink            ,Upon_Link_Main
thedarvinist                                                                ,UnzipsCrogre                                                                ,A     ,1316 1317          ,Round 2   ,2          ,Big Chungus irl     ,thedarvinist
hansenator.                                                                 ,dicerat8                                                                    ,B     ,1314 1315          ,Round 2   ,2          ,dicerat8            ,dicerat8
bd31                                                                        ,brestelli                                                                   ,b     ,act                ,Round 2   ,0          ,act                 ,act
bloomsmiles                                                                 ,Jibca                                                                       ,a     ,act                ,Round 2   ,0          ,act                 ,act
imcob                                                                       ,jotaentrena                                                                 ,B     ,0923 0924 0925     ,Round 2   ,2          ,JCEntrena           ,jotaentrena
Don7331                                                                     ,4lowray                                                                     ,A     ,1312 1313          ,Round 2   ,2          ,smokingrocks        ,Don7331
Zacynthius02                                                                ,DanWhoDis                                                                   ,B     ,0920 0921 0922     ,Round 2   ,2          ,DanteADV            ,DanWhoDis
etibamecus.                                                                 ,Kydreith33                                                                  ,A     ,1309 1310 1311     ,Round 2   ,2          ,TheDHope            ,etibamecus.
Tyxerns                                                                     ,diegoin10                                                                   ,B     ,1306 1307 1308     ,Round 2   ,2          ,DiegoIn             ,diegoin10
realfredrickDOUGLASS                                                        ,heyitsmeriley                                                               ,B     ,1303 1304 1305     ,Round 2   ,2          ,hey its me riley    ,heyitsmeriley
Cream314                                                                    ,ReavenFTW                                                                   ,A     ,1301 1302          ,Round 2   ,2          ,BongMoodeus         ,Cream314
Slimsinatra93                                                               ,clarissen                                                                   ,b     ,act                ,Round 2   ,0          ,act                 ,act
ebitachy                                                                    ,danielck9797                                                                ,B     ,0918 0919          ,Round 2   ,2          ,mysticaisand        ,danielck9797
treyprime                                                                   ,datguycactus                                                                ,B     ,1338 1339 1340     ,Round 2   ,2          ,datguycactus        ,datguycactus
Raven_queen                                                                 ,SoCalSon                                                                    ,B     ,0915 0916 0917     ,Round 2   ,2          ,socalson            ,SoCalSon
Drekt93#0078                                                                ,Amir (lordamir & lordamir2)                                                 ,B     ,0913 0914          ,Round 2   ,2          ,amir                ,Amir (lordamir & lordamir2)
Yoink 0                                                                     ,plznostep                                                                   ,A     ,0910 0911 0912     ,Round 2   ,2          ,Yoink 0             ,Yoink 0
jd_orph                                                                     ,.verb                                                                       ,B     ,0907 0908 0909     ,Round 2   ,2          ,verbatim            ,.verb
deckline                                                                    ,Saint-ome                                                                   ,B     ,1297 1298          ,Round 2   ,2          ,gorditoconbigote    ,Saint-ome
darth_halux                                                                 ,Redmoonie                                                                   ,B     ,1299 1300          ,Round 2   ,2          ,Hexmoonie           ,Redmoonie
jussydkt                                                                    ,FaceOFF                                                                     ,B     ,1294 1295 1296     ,Round 2   ,2          ,FaceOFF3141         ,FaceOFF
durmain (slamonBbq)                                                         ,Scrigman                                                                    ,B     ,0904 0905 0906     ,Round 2   ,2          ,FlappleFan20        ,Scrigman
cremozar#6029                                                               ,Superstar                                                                   ,B     ,1335 1336 1337     ,Round 2   ,2          ,gourgeist enjoyer   ,Superstar
Fantasmal_.                                                                 ,xerospacious                                                                ,A     ,1291 1292          ,Round 2   ,2          ,Faantome            ,Fantasmal_.
ultraemeraldman_16197                                                       ,JCK_ionic                                                                   ,B     ,0901 0902 0903     ,Round 2   ,2          ,yyyyyfyyyyy         ,JCK_ionic
.seden                                                                      ,btalb                                                                       ,B     ,1332 1333 1334     ,Round 2   ,2          ,Jfaun               ,btalb
ManiacalDolphin                                                             ,thestonewallsmith                                                           ,b     ,act                ,Round 2   ,0          ,act                 ,act
jthompson9021                                                               ,Polt99                                                                      ,A     ,0899 0900          ,Round 2   ,2          ,troglodyte480       ,jthompson9021
xho_xho_                                                                    ,leofox___                                                                   ,A     ,0896 0897 0898     ,Round 2   ,2          ,xhoshi              ,xho_xho_
skittleskitty                                                               ,Josito                                                                      ,A     ,0893 0894 0895     ,Round 2   ,2          ,Skittle_Skity       ,skittleskitty
Klird                                                                       ,litterofbiscuits                                                            ,A     ,1289 1290          ,Round 2   ,2          ,Klird               ,Klird
squirtle_squadbig_squatto                                                   ,Tefo                                                                        ,A     ,0890 0891 0892     ,Round 2   ,2          ,Big_Squatto         ,squirtle_squadbig_squatto
Aahaahaah                                                                   ,Typlion                                                                     ,B     ,1284 1285 1286     ,Round 2   ,2          ,RevivalTyp          ,Typlion
marcelbruer                                                                 ,TheTwo                                                                      ,A     ,1281 1282 1283     ,Round 2   ,2          ,marcelbruer         ,marcelbruer
ponzuuu                                                                     ,billgatesalt_53189                                                          ,B     ,1230 1231          ,Round 2   ,2          ,BillGatesAlt        ,billgatesalt_53189
grahamsandwich                                                              ,ThunderousBagel                                                             ,B     ,1212 1213 1214     ,Round 2   ,2          ,thunderousbagel     ,ThunderousBagel
saltocorto                                                                  ,gonzasaurio50                                                               ,B     ,1232 1233 1234     ,Round 2   ,2          ,Gonzasaurio 50      ,gonzasaurio50
jerdgerd                                                                    ,funhouse3                                                                   ,a     ,1409 1410          ,Round 2   ,2          ,jerdgerd            ,jerdgerd
denizs8                                                                     ,dylan69__                                                                   ,A     ,1228 1229          ,Round 2   ,2          ,denizzz             ,denizs8
gstrem_                                                                     ,olliertlol                                                                  ,a     ,act                ,Round 2   ,0          ,act                 ,act
annuit99                                                                    ,woeishuen                                                                   ,a     ,1235 1236 1237     ,Round 2   ,2          ,RedCrimp            ,annuit99
venomshoc                                                                   ,Jsockamisama                                                                ,A     ,1238 1239          ,Round 2   ,2          ,VZR                 ,venomshoc
testemunha2622                                                              ,sheikhater                                                                  ,b     ,act                ,Round 2   ,0          ,act                 ,act
ilikeeatingcrayons                                                          ,wombatbaby                                                                  ,A     ,1240 1241          ,Round 2   ,2          ,ilikeeatingcrayons  ,ilikeeatingcrayons
tyler.cox                                                                   ,jozin457                                                                    ,A     ,1242 1243          ,Round 2   ,2          ,butter dk           ,tyler.cox
CheesiMoon                                                                  ,I am the Jarl                                                               ,a     ,act                ,Round 2   ,0          ,act                 ,act
steffmoney                                                                  ,sieefffmon                                                                  ,B     ,1244 1245 1246     ,Round 2   ,2          ,Sieeeffmon          ,sieefffmon
jeem16                                                                      ,tj_srevlis                                                                  ,A     ,1247 1248 1249     ,Round 2   ,2          ,jeem16              ,jeem16
cocoo7538                                                                   ,Mulikki123                                                                  ,A     ,1250 1251          ,Round 2   ,2          ,bandoodee           ,cocoo7538
Shifty1239                                                                  ,s_2_w                                                                       ,B     ,1321 1322          ,Round 2   ,2          ,Genexys             ,s_2_w
mintyerb                                                                    ,heroin4sale                                                                 ,A     ,1252 1253          ,Round 2   ,2          ,mint yerb           ,mintyerb
JoJ                                                                         ,Sorenkazer                                                                  ,B     ,1218 1219          ,Round 2   ,2          ,Sorenz              ,Sorenkazer
.germ_                                                                      ,Agustin Palacios                                                            ,B     ,1254 1255 1256     ,Round 2   ,2          ,Blaniom             ,Agustin Palacios
Kenmarijuana                                                                ,executive_assistant                                                         ,B     ,1215 1216 1217     ,Round 2   ,2          ,OfTheLethani        ,executive_assistant
Mintyfresh756                                                               ,catholicguilttrip                                                           ,A     ,1257 1258          ,Round 2   ,2          ,Catmode             ,Mintyfresh756
lemonlc                                                                     ,zxgzxg                                                                      ,A     ,1259 1260          ,Round 2   ,2          ,Lemon LC            ,lemonlc
rovels                                                                      ,stolenpaper                                                                 ,A     ,1220 1221          ,Round 2   ,2          ,Rovels              ,rovels
secondari                                                                   ,5darkelves_gmen                                                             ,a     ,1407 1408          ,Round 2   ,2          ,Key to life         ,secondari
incognidoqueen                                                              ,Ho_Chi                                                                      ,B     ,1261 1262 1263     ,Round 2   ,2          ,HoChi_Pro           ,Ho_Chi
_deacon                                                                     ,sligoblues                                                                  ,B     ,1264 1265          ,Round 2   ,2          ,blavand             ,sligoblues
liamworldpeace                                                              ,sbmalus                                                                     ,B     ,1225 1226 1227     ,Round 2   ,2          ,SBMalus             ,sbmalus
.brever.                                                                    ,yadyaksh                                                                    ,a     ,act                ,Round 2   ,0          ,act                 ,act
wavy_ish                                                                    ,Forte_French                                                                ,B     ,1266 1267          ,Round 2   ,2          ,HeyYa!_Forte        ,Forte_French
greencatkid                                                                 ,luukthegamer                                                                ,A     ,1268 1269          ,Round 2   ,2          ,GreenCatKid         ,greencatkid
Guebor                                                                      ,kuru1432                                                                    ,B     ,1270 1271          ,Round 2   ,2          ,carfacts            ,kuru1432
etymon_                                                                     ,PuruglyIsUgly                                                               ,b     ,1405 1406          ,Round 2   ,2          ,PuruglyIsUgly       ,PuruglyIsUgly
egocheck                                                                    ,adv_fella                                                                   ,B     ,1272 1273          ,Round 2   ,2          ,ADV Fella           ,adv_fella
temraneee                                                                   ,skitz_money                                                                 ,B     ,1274 1275          ,Round 2   ,2          ,SKITZ_MONEY         ,skitz_money
Dwightasaurus                                                               ,derevien                                                                    ,A     ,1276 1277 1278     ,Round 2   ,2          ,antantantantant     ,Dwightasaurus
cisconduct                                                                  ,f1remaster (Hikari)                                                         ,B     ,1279 1280          ,Round 2   ,2          ,Hykari              ,f1remaster (Hikari)
dorugang                                                                    ,S.k.magnet                                                                  ,A     ,1222 1223 1224     ,Round 2   ,2          ,T1W1B               ,dorugang
swope                                                                       ,_uka                                                                        ,b     ,0808 0809          ,Round 2   ,2          ,Team Constantin     ,_uka
nadiddhrabb                                                                 ,J0af                                                                        ,b     ,0803 0804 0805     ,Round 2   ,2          ,JoaF                ,J0af
monchooo                                                                    ,larkindred                                                                  ,a     ,0801 0802          ,Round 2   ,2          ,monchooo            ,monchooo
almarkowbender                                                              ,iNeedJuuce                                                                  ,b     ,0879 0880 0881     ,Round 2   ,2          ,Please ban rachi    ,iNeedJuuce
LevysChair                                                                  ,darth0068                                                                   ,b     ,0955 0956 0957     ,Round 2   ,2          ,Darth33             ,darth0068
Cyber-DJ                                                                    ,SgtPingwen                                                                  ,b     ,0952 0953 0954     ,Round 2   ,2          ,SgtPingwen          ,SgtPingwen
jaden_17522                                                                 ,Derde                                                                       ,a     ,0949 0950 0951     ,Round 2   ,2          ,TheComanderXD       ,jaden_17522
.GeneralRevan                                                               ,janis105                                                                    ,a     ,0806 0807          ,Round 2   ,2          ,G3neralR3van        ,.GeneralRevan
Mamakoko                                                                    ,wiilink100                                                                  ,b     ,1069 1070 1071     ,Round 2   ,2          ,wiilink100          ,wiilink100
lexi.pup                                                                    ,nichard_                                                                    ,a     ,0877 0878          ,Round 2   ,2          ,lexitg              ,lexi.pup
Beignet                                                                     ,themightyq99                                                                ,a     ,0777 0778          ,Round 2   ,2          ,beignet2            ,Beignet
tehpenguinofdoom                                                            ,Chris2324                                                                   ,a     ,0724 0725 0726     ,Round 2   ,0          ,Gulchittious Boi    ,tehpenguinofdoom
garcilp                                                                     ,otael                                                                       ,a     ,0947 0948          ,Round 2   ,2          ,AutumnMint          ,garcilp
tub69                                                                       ,"rbvengeance (Nicknamed RBV in the server, you can use this as a shorthand)",a     ,0875 0876          ,Round 2   ,2          ,tub69               ,tub69
blunderpolicy                                                               ,Rainer7849                                                                  ,b     ,0958 0959          ,Round 2   ,2          ,Rainer2424          ,Rainer7849
pac_rojo                                                                    ,EatYourToastSon                                                             ,a     ,0775 0776          ,Round 2   ,2          ,CazabichosPablo     ,pac_rojo
Wizzyhatg                                                                   ,gudemuch                                                                    ,b     ,0727 0728          ,Round 2   ,2          ,loleinsmaragd       ,gudemuch
knexhawk                                                                    ,bruh504                                                                     ,a     ,0772 0773 0774     ,Round 2   ,2          ,knexhawk2           ,knexhawk
ccgeek_                                                                     ,ditdus.                                                                     ,a     ,0872 0873 0874     ,Round 2   ,2          ,CCGeek              ,ccgeek_
Mimien97                                                                    ,Ehtis                                                                       ,b     ,0945 0946          ,Round 2   ,2          ,EhtishamEX          ,Ehtis
Caloom                                                                      ,xamvius                                                                     ,a     ,0770 0771          ,Round 2   ,2          ,caloominum          ,Caloom
Cyberodin                                                                   ,SUB 17                                                                      ,a     ,act                ,Round 2   ,0          ,act                 ,act
Mayo                                                                        ,nick_parenti                                                                ,a     ,0943 0944          ,Round 2   ,2          ,blyargh             ,Mayo
Adam                                                                        ,JxJ                                                                         ,a     ,0768 0769          ,Round 2   ,2          ,AC77                ,Adam
udm31                                                                       ,mcgowin (ID: lgv#9084)                                                      ,a     ,1287 1288          ,Round 2   ,2          ,UDM31               ,udm31
keepingiticy                                                                ,SUB 3                                                                       ,a     ,act                ,Round 2   ,0          ,act                 ,act
Typhoon Carter                                                              ,javiercar#9743                                                              ,a     ,0729 0730 0731     ,Round 2   ,2          ,TyCarter            ,Typhoon Carter
eliandiditagain                                                             ,starii88                                                                    ,a     ,0941 0942          ,Round 2   ,2          ,Elian               ,eliandiditagain
Zpanther                                                                    ,jpmockman                                                                   ,a     ,0765 0766 0767     ,Round 2   ,2          ,Zpanther            ,Zpanther
Nicole                                                                      ,SUB 10                                                                      ,a     ,act                ,Round 2   ,0          ,act                 ,act
Rambode                                                                     ,lindonh                                                                     ,a     ,1067 1068          ,Round 2   ,2          ,Rambode             ,Rambode
A Welcome Guest                                                             ,dustyfans                                                                   ,b     ,0938 0939 0940     ,Round 2   ,2          ,dustyfans           ,dustyfans
Kingu                                                                       ,tamafuyu                                                                    ,b     ,0763 0764          ,Round 2   ,2          ,tamafuyu            ,tamafuyu
H>L                                                                         ,Filthy Cubone                                                               ,a     ,0960 0961          ,Round 2   ,2          ,Hydreigon > Latias  ,H>L
Roy Yamaha                                                                  ,Calm Stiege                                                                 ,b     ,0935 0936 0937     ,Round 2   ,2          ,Calm Stiege         ,Calm Stiege
Smallow                                                                     ,doh#5604                                                                    ,b     ,0870 0871          ,Round 2   ,2          ,doh5604             ,doh#5604
Zcarlett                                                                    ,chtx                                                                        ,b     ,0867 0868 0869     ,Round 2   ,2          ,ccczzx              ,chtx
Alecss                                                                      ,air602                                                                      ,b     ,0732 0733          ,Round 2   ,2          ,AirPan              ,air602
Younglemonhope                                                              ,.lucky_7.                                                                   ,a     ,0933 0934          ,Round 2   ,2          ,Girls See Ghosts    ,Younglemonhope
Cryolite                                                                    ,msousa                                                                      ,A     ,act                ,Round 2   ,0          ,act                 ,act
Shadowtime2000                                                              ,SUB 11                                                                      ,A     ,act                ,Round 2   ,0          ,act                 ,act
ratdogreborn                                                                ,ByrneBaby                                                                   ,A     ,1395 1396          ,Round 2   ,2          ,ratdogrefurnished   ,ratdogreborn
Frutiepie                                                                   ,LoDart210                                                                   ,B     ,act                ,Round 2   ,0          ,act                 ,act
YlisseanStarlight                                                           ,HakkihanTunbak (I recently joined the discord)                              ,B     ,1392 1393 1394     ,Round 2   ,2          ,ProfessorKid        ,HakkihanTunbak (I recently joined the discord)
sharkhammer                                                                 ,CHICKENBOOB                                                                 ,A     ,act                ,Round 2   ,0          ,act                 ,act
mugua (purple Pikmin pfp)                                                   ,bobjoecarl                                                                  ,B     ,1389 1390 1391     ,Round 2   ,2          ,CostcoCustomer      ,bobjoecarl
Svejk97                                                                     ,chipi                                                                       ,A     ,1387 1388          ,Round 2   ,2          ,Svejk97             ,Svejk97
peabnut                                                                     ,hypebeasthegel                                                              ,B     ,act                ,Round 2   ,0          ,act                 ,act
Graham (graaahaaam)                                                         ,SUB 6                                                                       ,A     ,act                ,Round 2   ,0          ,act                 ,act
dabebri                                                                     ,Coco / Yuii                                                                 ,B     ,1384 1385 1386     ,Round 2   ,2          ,Yuiis               ,Coco / Yuii
Birthdayninja                                                               ,big_jerry                                                                   ,B     ,1382 1383          ,Round 2   ,2          ,Johnathan Gamer     ,big_jerry
Loneling                                                                    ,Spedonic                                                                    ,B     ,act                ,Round 2   ,0          ,act                 ,act
SUB 29                                                                      ,jensendale                                                                  ,B     ,act                ,Round 2   ,0          ,act                 ,act
cleffacutie                                                                 ,Basharapplejuice                                                            ,B     ,1380 1381          ,Round 2   ,2          ,peachyaladdin       ,Basharapplejuice
anashensoul                                                                 ,.alig.                                                                      ,A     ,1378 1379          ,Round 2   ,2          ,AnotherAshenSoul    ,anashensoul
YellowHat#0714                                                              ,vy_apostrophe                                                               ,B     ,act                ,Round 2   ,0          ,act                 ,act
Albatross115                                                                ,SqueamishCube                                                               ,B     ,act                ,Round 2   ,0          ,act                 ,act
sopphaking                                                                  ,erfder (old style Erfder#3147)                                              ,B     ,act                ,Round 2   ,0          ,act                 ,act
halbertsimpson                                                              ,Vassimobin                                                                  ,A     ,act                ,Round 2   ,0          ,act                 ,act
Ghostfall22                                                                 ,Fairy                                                                       ,A     ,1376 1377          ,Round 2   ,2          ,Ghostfall22         ,Ghostfall22
SUB 15                                                                      ,lucyisafish                                                                 ,B     ,act                ,Round 2   ,0          ,act                 ,act
Rezzo                                                                       ,countsligo                                                                  ,A     ,1373 1374 1375     ,Round 2   ,2          ,rezzo64             ,Rezzo
theepiccd56                                                                 ,glucoseguardian1                                                            ,A     ,1371 1372          ,Round 2   ,2          ,CD56                ,theepiccd56
loopingpyre                                                                 ,Genofool                                                                    ,B     ,1369 1370          ,Round 2   ,2          ,Genoz               ,Genofool
bigyunakafan                                                                ,gpd_123                                                                     ,B     ,1366 1367 1368     ,Round 2   ,2          ,Group PD            ,gpd_123
yallen                                                                      ,ellieofficialvevo                                                           ,A     ,act                ,Round 2   ,0          ,act                 ,act
lawn1826                                                                    ,KingWafl                                                                    ,B     ,1364 1365          ,Round 2   ,2          ,KingWafl            ,KingWafl
cheerful_dragon_75260                                                       ,inkyno1                                                                     ,B     ,1361 1362 1363     ,Round 2   ,2          ,inkyno1             ,inkyno1
bergenseren                                                                 ,Antinomy                                                                    ,B     ,act                ,Round 2   ,0          ,act                 ,act
Nunleft                                                                     ,wolfturds                                                                   ,B     ,1359 1360          ,Round 2   ,2          ,Wolf Turds          ,wolfturds
ChetManley                                                                  ,kingkpak#0546                                                               ,A     ,1356 1357 1358     ,Round 2   ,2          ,SmoGonagall         ,ChetManley
Rebatca                                                                     ,sprasle                                                                     ,B     ,1354 1355          ,Round 2   ,2          ,sprasle             ,sprasle
Bedal.r                                                                     ,swordpeace3232                                                              ,B     ,1352 1353          ,Round 2   ,2          ,swordpeacead        ,swordpeace3232
v1ctor23                                                                    ,CraterLake                                                                  ,b     ,act                ,Round 2   ,0          ,act                 ,act
the_app                                                                     ,solars_power                                                                ,B     ,1349 1350 1351     ,Round 2   ,2          ,solar's power       ,solars_power
MrBluestacks                                                                ,2coinsglued                                                                 ,A     ,act                ,Round 2   ,0          ,act                 ,act
Ktools#9665                                                                 ,SUB 4                                                                       ,A     ,act                ,Round 2   ,0          ,act                 ,act
lraven17                                                                    ,Salamaster                                                                  ,B     ,1347 1348          ,Round 2   ,2          ,smollest brian      ,Salamaster
enkiduofficial                                                              ,ViciousCricket                                                              ,b     ,0962 0963 0964     ,Round 2   ,2          ,ViciousCricket      ,ViciousCricket
grillking                                                                   ,evilartnboy                                                                 ,a     ,act                ,Round 2   ,0          ,act                 ,act
Sotina                                                                      ,Greyaz                                                                      ,b     ,act                ,Round 2   ,0          ,act                 ,act
pat2678                                                                     ,wonderfulwhiscash                                                           ,a     ,0965 0966          ,Round 2   ,2          ,OzEngine            ,pat2678
aldrichunfaithful                                                           ,.aj2.0                                                                      ,b     ,0967 0968 0969     ,Round 2   ,2          ,drogasas            ,.aj2.0
romeugoat._25355                                                            ,papajefe                                                                    ,b     ,act                ,Round 2   ,0          ,act                 ,act
lemann8184                                                                  ,shadowinger                                                                 ,b     ,1189 1190          ,Round 2   ,2          ,shadowinger         ,shadowinger
SUB 8                                                                       ,@aevitostrath or Timehacker Aevitos                                         ,b     ,act                ,Round 2   ,0          ,act                 ,act
.turkeyleg                                                                  ,perogee                                                                     ,a     ,0970 0971          ,Round 2   ,2          ,UrMotherIsUrFather  ,.turkeyleg
scootymcbooty123                                                            ,tsuki.no.miko                                                               ,b     ,0972 0973          ,Round 2   ,2          ,tsukinomiko         ,tsuki.no.miko
kebinsan                                                                    ,bugthatlovesfish                                                            ,a     ,0974 0975          ,Round 2   ,2          ,mrsunsmash          ,kebinsan
kinou_pkm                                                                   ,DeathbyDunsparce                                                            ,b     ,0976 0977 0978     ,Round 2   ,2          ,deathbydunsparce    ,DeathbyDunsparce
girlevader                                                                  ,rizzarroflame                                                               ,a     ,act                ,Round 2   ,0          ,act                 ,act
theamazingeevee                                                             ,tavi_tavi                                                                   ,b     ,0979 0980 0981     ,Round 2   ,2          ,TaviTavi            ,tavi_tavi
viel06                                                                      ,Colby2D                                                                     ,b     ,1417 1418          ,Round 2   ,2          ,Colby2D             ,Colby2D
kvistsivk                                                                   ,GroundBack                                                                  ,a     ,0982 0983          ,Round 2   ,2          ,Kvist               ,kvistsivk
Gthorpe1993                                                                 ,justbestlevels                                                              ,b     ,1171 1172          ,Round 2   ,2          ,jlev                ,justbestlevels
@xlimexheep                                                                 ,BlerpDerpSkerp                                                              ,a     ,1415 1416          ,Round 2   ,2          ,xlimexheep          ,@xlimexheep
Samnyg                                                                      ,elysyr                                                                      ,a     ,1109 1110 1111     ,Round 2   ,2          ,salmonlad           ,Samnyg
James67                                                                     ,Kenava                                                                      ,a     ,1413 1414          ,Round 2   ,2          ,boshinator6         ,James67
sapphire918                                                                 ,SUB 12                                                                      ,a     ,act                ,Round 2   ,0          ,act                 ,act
Ale8150                                                                     ,cow3492                                                                     ,b     ,0984 0985          ,Round 2   ,2          ,Cow XI              ,cow3492
tanao                                                                       ,FISH (gypsytea)                                                             ,a     ,0986 0987 0988     ,Round 2   ,2          ,tanao               ,tanao
Baptista                                                                    ,Ezcrime                                                                     ,a     ,1187 1188          ,Round 2   ,2          ,Baptosta            ,Baptista
thegreatest23                                                               ,berkyderky                                                                  ,a     ,0989 0990          ,Round 2   ,2          ,chiefbeef1234       ,thegreatest23
SUB 26                                                                      ,Stuckkkk                                                                    ,b     ,0991 0992          ,Round 2   ,2          ,stuckkkk            ,Stuckkkk
Moneybaggslowbro                                                            ,giantking20                                                                 ,a     ,act                ,Round 2   ,0          ,act                 ,act
kylemckell                                                                  ,avongarde_ult                                                               ,a     ,0993 0994 0996     ,Round 2   ,2          ,duckstroyer         ,kylemckell
Grain_Jar                                                                   ,Peppeppeia                                                                  ,a     ,0997 0998          ,Round 2   ,2          ,Glick666            ,Grain_Jar
dfr2248                                                                     ,loffelbiskuit                                                               ,a     ,0999 1000          ,Round 2   ,2          ,pea-kah             ,dfr2248
Drby                                                                        ,MenaCicada                                                                  ,a     ,1001 1002 1003     ,Round 2   ,2          ,drby                ,Drby
bdicap                                                                      ,Daeronchick                                                                 ,b     ,act                ,Round 2   ,0          ,act                 ,act
SUB 13                                                                      ,roofb                                                                       ,b     ,act                ,Round 2   ,0          ,act                 ,act
kewta                                                                       ,charku                                                                      ,b     ,1004 1005          ,Round 2   ,2          ,charku              ,charku
clinkbug                                                                    ,chad.lagos                                                                  ,a     ,1006 1007 1008     ,Round 2   ,2          ,asbolus verrucosus  ,clinkbug
green.9082                                                                  ,SpeccyGames                                                                 ,b     ,act                ,Round 2   ,0          ,act                 ,act
le_penseur                                                                  ,dragonlord6954                                                              ,b     ,act                ,Round 2   ,0          ,act                 ,act
jheff97                                                                     ,diegoyuhhi                                                                  ,b     ,1411 1412          ,Round 2   ,2          ,diegoyuhhi          ,diegoyuhhi
krungus_01138                                                               ,irrelevantone                                                               ,b     ,1009 1010 1011     ,Round 2   ,2          ,ADV Pride           ,irrelevantone
almbkn                                                                      ,millingwinds                                                                ,B     ,1042 1043 1044     ,Round 2   ,2          ,1998 Mercedes-Benz  ,millingwinds
Ragnarocco244                                                               ,CoffeePour                                                                  ,B     ,1045 1046 1047     ,Round 2   ,2          ,coffeepour          ,CoffeePour
yuramas                                                                     ,bashedayo                                                                   ,A     ,1048 1049          ,Round 2   ,2          ,yuramas             ,yuramas
SUB 20                                                                      ,mafx                                                                        ,b     ,act                ,Round 2   ,0          ,act                 ,act
poots6476                                                                   ,toruwu                                                                      ,A     ,1050 1051 1052     ,Round 2   ,0          ,Gooball99           ,poots6476
@geosesarma                                                                 ,realshelly                                                                  ,A     ,0756 0757          ,Round 2   ,2          ,AverageWalrus       ,@geosesarma
rajime.                                                                     ,fayestra                                                                    ,b     ,1194 1195          ,Round 2   ,2          ,fayestra            ,fayestra
usbreon                                                                     ,martconqueso                                                                ,A     ,0810 0811 0812     ,Round 2   ,2          ,Usbreon             ,usbreon
SentientSanchez                                                             ,aquaa                                                                       ,a     ,1419 1420 1421     ,Round 2   ,2          ,CharBoy3000         ,SentientSanchez
SUB 16                                                                      ,Somnanana                                                                   ,b     ,act                ,Round 2   ,0          ,act                 ,act
bigjon.                                                                     ,wyli.olivete                                                                ,a     ,1422 1423          ,Round 2   ,2          ,Lunarvania          ,bigjon.
gambling.goddess                                                            ,SUB 2                                                                       ,a     ,act                ,Round 2   ,0          ,act                 ,act
comseal                                                                     ,elanieunderscore                                                            ,a     ,1424 1425          ,Round 2   ,2          ,ComSeal             ,comseal
tommy4830                                                                   ,Redrame                                                                     ,b     ,1191 1192 1193     ,Round 2   ,2          ,Redrame             ,Redrame
tibetanator                                                                 ,walterbite                                                                  ,A     ,1053 1054          ,Round 2   ,2          ,SaunkGod            ,tibetanator
pinjarrapanther                                                             ,dinkdank_                                                                   ,A     ,act                ,Round 2   ,0          ,act                 ,act
jew9318                                                                     ,chrisdrums19                                                                ,A     ,1055 1056 1057     ,Round 2   ,2          ,Euph0riADV          ,jew9318
MoxieKrok                                                                   ,sanbaibeepo                                                                 ,b     ,1179 1180 1181 1182,Round 2   ,0          ,beeoi               ,sanbaibeepo
kinglazi                                                                    ,SUB 9                                                                       ,a     ,act                ,Round 2   ,0          ,act                 ,act
fuckboylenny                                                                ,Stockings                                                                   ,B     ,1058 1059 1060     ,Round 2   ,2          ,Stockings           ,Stockings
coutt                                                                       ,WraxiusGaming                                                               ,A     ,0813 0814 0815     ,Round 2   ,2          ,kug98               ,coutt
onewhorants                                                                 ,Hidan.0/idfk                                                                ,a     ,1426 1427          ,Round 2   ,2          ,OneWhoRants         ,onewhorants
ltg04                                                                       ,Apostic                                                                     ,A     ,1061 1062          ,Round 2   ,2          ,LTG                 ,ltg04
Pulcsii                                                                     ,doc.steel                                                                   ,A     ,0816 0817          ,Round 2   ,2          ,Aobera              ,Pulcsii
Carfrogs                                                                    ,Melninja                                                                    ,B     ,0820 0821 0822     ,Round 2   ,2          ,melninja            ,Melninja
SUB 7                                                                       ,Lhions                                                                      ,b     ,act                ,Round 2   ,0          ,act                 ,act
hachimaki.                                                                  ,Microsoft_J                                                                 ,B     ,0758 0759          ,Round 2   ,2          ,msoft_j             ,Microsoft_J
Stao                                                                        ,emerald_harrold                                                             ,b     ,1330 1331          ,Round 2   ,2          ,Emerald_Harrold     ,emerald_harrold
YamHam                                                                      ,brunocoolgamers                                                             ,a     ,1185 1186          ,Round 2   ,2          ,dunsparce_real      ,YamHam
saiyanpride.                                                                ,nihiliros                                                                   ,A     ,1063 1064          ,Round 2   ,2          ,lt. pickles         ,saiyanpride.
tahat_t                                                                     ,triskeriaki                                                                 ,A     ,act                ,Round 2   ,0          ,act                 ,act
SUB 18                                                                      ,@pek__                                                                      ,b     ,act                ,Round 2   ,0          ,act                 ,act
Luca Dylan                                                                  ,Goodnightloulou                                                             ,b     ,act                ,Round 2   ,0          ,act                 ,act
Reptikrook                                                                  ,SUB 19                                                                      ,A     ,act                ,Round 2   ,0          ,act                 ,act
_honua                                                                      ,Dig Boshi                                                                   ,b     ,act                ,Round 2   ,0          ,act                 ,act
shinyhunter8013                                                             ,moggie776                                                                   ,B     ,act                ,Round 2   ,0          ,act                 ,act
ilovemygrandma444                                                           ,goldthe1andonly                                                             ,b     ,0760 0761 0762     ,Round 2   ,2          ,GoldThe1andOnly     ,goldthe1andonly
dimiswooner                                                                 ,ambiguousity_                                                               ,A     ,1065 1066          ,Round 2   ,2          ,Dimiswooner         ,dimiswooner
prestonv                                                                    ,jahim_                                                                      ,A     ,0818 0819          ,Round 2   ,2          ,Prestonalewis       ,prestonv
Fierros47                                                                   ,treeshhhh                                                                   ,b     ,0788 0789 0790     ,Round 2   ,2          ,treeshhhh           ,treeshhhh
SUB 24                                                                      ,ChocoboJoe                                                                  ,b     ,act                ,Round 2   ,0          ,act                 ,act
milkshook00                                                                 ,kool_kat.                                                                   ,a     ,1101 1102          ,Round 2   ,2          ,Milkshook♡          ,milkshook00
poosh_i                                                                     ,strawbbz                                                                    ,b     ,0882 0883 0884     ,Round 2   ,2          ,Strawbbz            ,strawbbz
Psychokinetic4                                                              ,Pressle54                                                                   ,a     ,1032 1033 1034     ,Round 2   ,2          ,cloud bolt          ,Psychokinetic4
bydy2                                                                       ,renlyyynnn                                                                  ,a     ,1017 1018          ,Round 2   ,2          ,bydy2               ,bydy2
epiclyepicgamer                                                             ,Hypermoth                                                                   ,b     ,1203 1204 1205     ,Round 2   ,2          ,Schmohg             ,Hypermoth
SUB 28                                                                      ,socialinclusion                                                             ,b     ,0791 0792 0793     ,Round 2   ,2          ,social inclusion    ,socialinclusion
valyns                                                                      ,UsernameABCD                                                                ,b     ,act                ,Round 2   ,0          ,act                 ,act
Yatagarasuwu                                                                ,Himura                                                                      ,b     ,0785 0786 0787     ,Round 2   ,2          ,Himurabt            ,Himura
GSC_Lover_Boy                                                               ,lemon04                                                                     ,b     ,1026 1027 1028     ,Round 2   ,2          ,lemoncholy          ,lemon04
DonlyPhans                                                                  ,.FunkyCop                                                                   ,b     ,0794 0795 0796     ,Round 2   ,2          ,FunkyCop1998        ,.FunkyCop
Lawrencelot                                                                 ,warupeach                                                                   ,a     ,1014 1015 1016     ,Round 2   ,2          ,Hummusfan           ,Lawrencelot
SUB 23                                                                      ,itsaregionaldialect                                                         ,b     ,act                ,Round 2   ,0          ,act                 ,act
dazey                                                                       ,Vholtninja                                                                  ,b     ,1024 1025          ,Round 2   ,2          ,Vholtninja          ,Vholtninja
Witchgender                                                                 ,CodeRedSP                                                                   ,b     ,1029 1030 1031     ,Round 2   ,2          ,CodeRedSP           ,CodeRedSP
nemesis_deno                                                                ,caps lock 3009                                                              ,a     ,0887 0888 0889     ,Round 2   ,2          ,deno_nemesis        ,nemesis_deno
Master_Penguini                                                             ,bevreeze                                                                    ,a     ,1107 1108          ,Round 2   ,2          ,Ramberg Buckland    ,Master_Penguini
zoyotte                                                                     ,soulive                                                                     ,a     ,act                ,Round 2   ,0          ,act                 ,act
Eternum                                                                     ,sdj                                                                         ,b     ,0797 0798          ,Round 2   ,2          ,Scansafatiche       ,sdj
tonii5531                                                                   ,Pietro Giuffra                                                              ,a     ,1103 1104 1105 1106,Round 2   ,0          ,Jnho                ,tonii5531
lacoot                                                                      ,crustaceus                                                                  ,b     ,1035 1036          ,Round 2   ,2          ,crustaceus          ,crustaceus
draccus_comun                                                               ,allmovingshadows                                                            ,a     ,1198 1199          ,Round 2   ,2          ,draccuscomun        ,draccus_comun
Forest4269                                                                  ,Blanched                                                                    ,b     ,1039 1040 1041     ,Round 2   ,2          ,blanched            ,Blanched
biff_the_banana                                                             ,luca                                                                        ,a     ,0782 0783 0784     ,Round 2   ,2          ,Biffo Banana        ,biff_the_banana
Wifike                                                                      ,wwwmonmon                                                                   ,b     ,act                ,Round 2   ,0          ,act                 ,act
SUB 22                                                                      ,Musical_box                                                                 ,b     ,act                ,Round 2   ,0          ,act                 ,act
Nicko8                                                                      ,hangerguardian                                                              ,a     ,1147 1148          ,Round 2   ,2          ,E585                ,Nicko8
cashzachary                                                                 ,zioplys                                                                     ,a     ,1021 1022          ,Round 2   ,2          ,13ased              ,cashzachary
kalarse                                                                     ,Latlat1                                                                     ,a     ,0799 0800          ,Round 2   ,2          ,kalarse             ,kalarse
biluv_v                                                                     ,SUB 25                                                                      ,a     ,1019 1020          ,Round 2   ,2          ,B.B.H00D            ,biluv_v
scrapmetal56                                                                ,no8ull                                                                      ,b     ,1037 1038          ,Round 2   ,2          ,No8ull              ,no8ull
mewunderscoretwo                                                            ,SUB 27                                                                      ,a     ,0885 0886          ,Round 2   ,2          ,moowee              ,mewunderscoretwo
Print Screen                                                                ,sensei_moon                                                                 ,b     ,1012 1013          ,Round 2   ,2          ,Precure Moonlight   ,sensei_moon
peacemaker040                                                               ,SUB 21                                                                      ,a     ,act                ,Round 2   ,0          ,act                 ,act
IAmGolden.                                                                  ,doomlsinger                                                                 ,b     ,act                ,Round 2   ,0          ,act                 ,act
allance05                                                                   ,frogsella                                                                   ,a     ,0779 0780 0781     ,Round 2   ,2          ,reshiram660         ,allance05
Repiloid                                                                    ,SUB 14                                                                      ,a     ,act                ,Round 2   ,0          ,act                 ,act
blisy                                                                       ,Pabby_1805                                                                  ,a     ,0823 0824          ,Round 2   ,2          ,NoBottlecapsBlisy   ,blisy
Fakes                                                                       ,SgtPingwen                                                                  ,a     ,1624 1625          ,Round 3   ,2          ,fakes               ,Fakes
Triangles                                                                   ,marcelbruer                                                                 ,a     ,1675 1676          ,Round 3   ,2          ,triangles           ,Triangles
pkLeech                                                                     ,gonzasaurio50                                                               ,b     ,2056 2057 2058     ,Round 3   ,2          ,Gonzasaurio 50      ,gonzasaurio50
Fear                                                                        ,br.twfb                                                                     ,a     ,1677 1678          ,Round 3   ,2          ,Fear                ,Fear
jumpy23                                                                     ,sbmalus                                                                     ,a     ,1679 1680          ,Round 3   ,2          ,I'm the Dome Ace    ,jumpy23
Leo                                                                         ,sieefffmon                                                                  ,b     ,1681 1682          ,Round 3   ,2          ,Sieeeffmon          ,sieefffmon
Kollin                                                                      ,ThunderousBagel                                                             ,A     ,act                ,Round 3   ,0          ,act                 ,act
Blues                                                                       ,heyitsmeriley                                                               ,b     ,act                ,Round 3   ,0          ,act                 ,act
River                                                                       ,nicki4                                                                      ,a     ,1683 1684          ,Round 3   ,2          ,violet river        ,River
Voyager                                                                     ,Sorenkazer                                                                  ,a     ,1685 1686 1687     ,Round 3   ,2          ,Voyager             ,Voyager
Carapinga                                                                   ,skittleskitty                                                               ,a     ,1688 1689          ,Round 3   ,2          ,Eduardo Carapinga   ,Carapinga
Mielke                                                                      ,Dwightasaurus                                                               ,a     ,1690 1691          ,Round 3   ,2          ,3 blades            ,Mielke
Tyros                                                                       ,pac_rojo                                                                    ,b     ,1692 1693 1694     ,Round 3   ,0          ,CazabichosPablo     ,pac_rojo
Pokology                                                                    ,brestelli                                                                   ,a     ,1695 1696 1697     ,Round 3   ,2          ,pokology2           ,Pokology
laxuy                                                                       ,garcilp                                                                     ,a     ,1698 1699          ,Round 3   ,2          ,lax                 ,laxuy
JR                                                                          ,mintchocolateguy                                                            ,a     ,1700 1701          ,Round 3   ,2          ,ojr                 ,JR
Sheik                                                                       ,Sificon                                                                     ,a     ,1702 1703          ,Round 3   ,2          ,Sheik               ,Sheik
48                                                                          ,owlman7507                                                                  ,a     ,1704 1705          ,Round 3   ,2          ,Quarante8           ,48
Spfunkm                                                                     ,Agustin Palacios                                                            ,b     ,act                ,Round 3   ,0          ,act                 ,act
Johnald                                                                     ,Rainer7849                                                                  ,a     ,1706 1707          ,Round 3   ,2          ,Ooziegib            ,Johnald
D3stiny                                                                     ,etibamecus.                                                                 ,a     ,1708 1709 1710     ,Round 3   ,2          ,EG Sato             ,D3stiny
Zacpz                                                                       ,venomshoc                                                                   ,b     ,1711 1712          ,Round 3   ,2          ,VZR                 ,venomshoc
Segale                                                                      ,mintyerb                                                                    ,a     ,1713 1714 1715     ,Round 3   ,2          ,Segale              ,Segale
earlgr3y                                                                    ,sligoblues                                                                  ,a     ,1716 1717 1718     ,Round 3   ,2          ,earl gr3y           ,earlgr3y
goldmason                                                                   ,GreenCity                                                                   ,b     ,1811 1812          ,Round 3   ,2          ,GreenCity           ,GreenCity
ThisGuyMuks                                                                 ,diegoin10                                                                   ,a     ,1813 1814          ,Round 3   ,2          ,ThisGuyMuks         ,ThisGuyMuks
DeezCastforms                                                               ,f1remaster (Hikari)                                                         ,a     ,1815 1821 1822     ,Round 3   ,2          ,Deezcastforms       ,DeezCastforms
Zelph                                                                       ,.GeneralRevan                                                               ,a     ,1823 1824          ,Round 3   ,2          ,EG Zelph            ,Zelph
Figull400                                                                   ,tyler.cox                                                                   ,b     ,2059 2082          ,Round 3   ,2          ,butter dk           ,tyler.cox
Don Tonionie                                                                ,woeishuen                                                                   ,b     ,1825 1826 1827     ,Round 3   ,2          ,woeishuen           ,woeishuen
Bhol                                                                        ,tub69                                                                       ,a     ,1828 1829          ,Round 3   ,2          ,Bhol                ,Bhol
Evakiyama                                                                   ,darth0068                                                                   ,a     ,1830 1831          ,Round 3   ,2          ,kittencel           ,Evakiyama
Kai (aplgd)                                                                 ,Superstar                                                                   ,a     ,1851 1852 1853     ,Round 3   ,2          ,A Plague Doc        ,Kai (aplgd)
MeEsSm                                                                      ,CheesiMoon                                                                  ,a     ,1854 1855          ,Round 3   ,2          ,MeEsSm              ,MeEsSm
OopsAllDeoxys                                                               ,xho_xho_                                                                    ,b     ,1856 1857 1858     ,Round 3   ,2          ,xhoshi              ,xho_xho_
Exiline                                                                     ,Redmoonie                                                                   ,a     ,1859 1860          ,Round 3   ,2          ,Ivoire              ,Exiline
shawtyyyyyyy                                                                ,Forte_French                                                                ,a     ,1861 1862 1863     ,Round 3   ,2          ,marsandback         ,shawtyyyyyyy
Alice                                                                       ,Goose824                                                                    ,a     ,1864 1865          ,Round 3   ,2          ,ALlCE               ,Alice
Sanke Carp                                                                  ,Sophocles                                                                   ,b     ,1883 1884          ,Round 3   ,2          ,Xenocles            ,Sophocles
xXEricXx                                                                    ,s_2_w                                                                       ,A     ,1904 1905          ,Round 3   ,2          ,xXEricXx            ,xXEricXx
Marshy                                                                      ,moistmania                                                                  ,A     ,1906 1907          ,Round 3   ,2          ,brotha dog          ,Marshy
Churi                                                                       ,gudemuch                                                                    ,a     ,1483 1484          ,Round 3   ,2          ,Churielix           ,Churi
Incognition                                                                 ,tehpenguinofdoom                                                            ,B     ,1908 1909          ,Round 3   ,2          ,Gulchittious Boi    ,tehpenguinofdoom
Tempokin                                                                    ,clarissen                                                                   ,B     ,1448 1449          ,Round 3   ,2          ,clarissen           ,clarissen
Egor                                                                        ,Ehtis                                                                       ,A     ,1952 1953          ,Round 3   ,2          ,Eg0r                ,Egor
Cyberas                                                                     ,triiplemonstre                                                              ,A     ,1910 1911          ,Round 3   ,2          ,cyberas             ,Cyberas
Cake                                                                        ,jerdgerd                                                                    ,A     ,act                ,Round 3   ,0          ,act                 ,act
Mantis                                                                      ,Scrigman                                                                    ,B     ,1912 1913 1914     ,Round 3   ,2          ,FlappleFan20        ,Scrigman
Otto                                                                        ,Beignet                                                                     ,a     ,act                ,Round 3   ,0          ,act                 ,act
Seradess                                                                    ,jotaentrena                                                                 ,A     ,1457 1458 1459     ,Round 3   ,2          ,Seradess            ,Seradess
Zinc                                                                        ,ccgeek_                                                                     ,B     ,1915 1916          ,Round 3   ,2          ,CCGeek              ,ccgeek_
luisin                                                                      ,J0af                                                                        ,A     ,1956 1957          ,Round 3   ,2          ,luisin              ,luisin
Amir (lordamir & lordamir2)                                                 ,mmtimmo                                                                     ,A     ,1917 1918 1919     ,Round 3   ,2          ,Amir                ,Amir (lordamir & lordamir2)
knexhawk                                                                    ,jaden_17522                                                                 ,B     ,1920 1921 1922     ,Round 3   ,2          ,TheComanderXD       ,jaden_17522
.verb                                                                       ,swaggy001066                                                                ,A     ,1460 1461          ,Round 3   ,2          ,verbatim            ,.verb
Yoink 0                                                                     ,cepulo                                                                      ,B     ,1462 1463 1464     ,Round 3   ,2          ,Sepulo              ,cepulo
Vayun                                                                       ,Don7331                                                                     ,A     ,1923 1924          ,Round 3   ,2          ,Vermillion Gangsta  ,Vayun
Typlion                                                                     ,Papa Escargo                                                                ,B     ,1485 1486 1487     ,Round 3   ,2          ,crab person         ,Papa Escargo
executive_assistant                                                         ,Mintyfresh756                                                               ,A     ,1925 1926 1927     ,Round 3   ,2          ,OfTheLethani        ,executive_assistant
Ghostmalone.                                                                ,wiilink100                                                                  ,a     ,1488 1489          ,Round 3   ,2          ,Ghost Melone        ,Ghostmalone.
fastandsleepy                                                               ,ShotoNC                                                                     ,A     ,1465 1466          ,Round 3   ,2          ,no more bad dreams  ,fastandsleepy
tree69420                                                                   ,dragonsareoptimal                                                           ,B     ,1467 1468          ,Round 3   ,2          ,Nardgo              ,dragonsareoptimal
.brever.                                                                    ,TRXXJEH                                                                     ,A     ,1469 1470          ,Round 3   ,2          ,shoegazes           ,.brever.
btalb                                                                       ,S.k.magnet                                                                  ,B     ,1928 1929          ,Round 3   ,2          ,MagsAndMiles        ,S.k.magnet
Eggman                                                                      ,rovels                                                                      ,b     ,act                ,Round 3   ,0          ,act                 ,act
skitz_money                                                                 ,depressioncherry_66209                                                      ,B     ,1471 1472 1473     ,Round 3   ,2          ,Depres_ionCher_y    ,depressioncherry_66209
denizs8                                                                     ,b1ur                                                                        ,A     ,1930 1931          ,Round 3   ,2          ,denizzz             ,denizs8
ghostreported                                                               ,ilikeeatingcrayons                                                          ,A     ,1932 1933          ,Round 3   ,2          ,Organic Oranges     ,ghostreported
iNeedJuuce                                                                  ,secondari                                                                   ,B     ,1474 1475          ,Round 3   ,2          ,Key to Life         ,secondari
datguycactus                                                                ,adv_fella                                                                   ,A     ,1476 1477          ,Round 3   ,2          ,datguycactus        ,datguycactus
greencatkid                                                                 ,cocoo7538                                                                   ,B     ,1934 1935 1936     ,Round 3   ,2          ,bandoodee           ,cocoo7538
Klird                                                                       ,Saint-ome                                                                   ,B     ,1937 1938 1939     ,Round 3   ,2          ,gorditoconbigote    ,Saint-ome
dhgss                                                                       ,JCK_ionic                                                                   ,A     ,1940 1941          ,Round 3   ,2          ,Dhgss               ,dhgss
jankcity                                                                    ,thedarvinist                                                                ,b     ,1478 1479          ,Round 3   ,2          ,Big Chungus irl     ,thedarvinist
FaceOFF                                                                     ,lexi.pup                                                                    ,B     ,1954 1955          ,Round 3   ,2          ,lexitg              ,lexi.pup
gstrem_                                                                     ,DanWhoDis                                                                   ,A     ,1942 1943 1944     ,Round 3   ,2          ,Aburame Nation      ,gstrem_
billgatesalt_53189                                                          ,Fantasmal_.                                                                 ,B     ,1480 1481 1482     ,Round 3   ,2          ,Faantome            ,Fantasmal_.
thestonewallsmith                                                           ,squirtle_squadbig_squatto                                                   ,A     ,1945 1946          ,Round 3   ,2          ,thestonewallsmith   ,thestonewallsmith
_uka                                                                        ,lengloi                                                                     ,A     ,2060 2061 2062     ,Round 3   ,2          ,Team Constantin     ,_uka
Cream314                                                                    ,PuruglyIsUgly                                                               ,A     ,1719 1720          ,Round 3   ,2          ,BongMoodeus         ,Cream314
Attazer                                                                     ,SoCalSon                                                                    ,B     ,1721 1722 1723     ,Round 3   ,2          ,socalson            ,SoCalSon
gorbinator.                                                                 ,@spreek                                                                     ,A     ,1490 1491 1492     ,Round 3   ,2          ,TheLargestLad       ,gorbinator.
kuru1432                                                                    ,monchooo                                                                    ,b     ,act                ,Round 3   ,0          ,act                 ,act
bloomsmiles                                                                 ,danielck9797                                                                ,b     ,act                ,Round 3   ,0          ,act                 ,act
sheikhater                                                                  ,Upon_Link_Main                                                              ,A     ,1724 1725          ,Round 3   ,2          ,Salaryman William   ,sheikhater
oskari1707                                                                  ,lemonlc                                                                     ,A     ,2063 2064          ,Round 3   ,2          ,Oskari SOSA         ,oskari1707
dicerat8                                                                    ,jthompson9021                                                               ,A     ,1493 1494 1495     ,Round 3   ,2          ,dicerat8            ,dicerat8
Ho_Chi                                                                      ,jeem16                                                                      ,A     ,1726 1727 1728     ,Round 3   ,2          ,HoChi_Pro           ,Ho_Chi
Caloom                                                                      ,ReavenFTW                                                                   ,A     ,2065 2066 2067     ,Round 3   ,2          ,Caloominum          ,Caloom
Cyberodin                                                                   ,legoerofeggos                                                               ,A     ,2068 2069 2070     ,Round 3   ,2          ,Cyberodin           ,Cyberodin
Pak                                                                         ,voidvolta                                                                   ,A     ,1496 1497          ,Round 3   ,2          ,Pak                 ,Pak
void                                                                        ,cremozar#6029                                                               ,A     ,1729 1730          ,Round 3   ,2          ,Void                ,void
Mayo                                                                        ,Chris2324                                                                   ,A     ,1731 1732          ,Round 3   ,2          ,blyargh             ,Mayo
Adam                                                                        ,Drby                                                                        ,A     ,2071 2072          ,Round 3   ,2          ,AC77                ,Adam
udm31                                                                       ,Coco / Yuii                                                                 ,A     ,1498 1499          ,Round 3   ,2          ,UDM31               ,udm31
Big Will                                                                    ,jew9318                                                                     ,A     ,1733 1734 1735     ,Round 3   ,2          ,big will 2024       ,Big Will
keepingiticy                                                                ,Jibca                                                                       ,A     ,2073 2074 2075     ,Round 3   ,2          ,keeping it icy      ,keepingiticy
Typhoon Carter                                                              ,resen                                                                       ,A     ,1736 1737 1738     ,Round 3   ,2          ,TyCarter            ,Typhoon Carter
eliandiditagain                                                             ,JoJ                                                                         ,A     ,1500 1501 1502     ,Round 3   ,2          ,Elian               ,eliandiditagain
W_R                                                                         ,DeathbyDunsparce                                                            ,A     ,1739 1740 1741     ,Round 3   ,2          ,hola rse            ,W_R
Zerkas                                                                      ,tsuki.no.miko                                                               ,B     ,1742 1743 1744     ,Round 3   ,2          ,tsukinomiko         ,tsuki.no.miko
Colteor                                                                     ,UnzipsCrogre                                                                ,A     ,1503 1504          ,Round 3   ,2          ,Colteor             ,Colteor
Celdanami                                                                   ,inkyno1                                                                     ,A     ,1505 1506          ,Round 3   ,2          ,celdanami           ,Celdanami
Christos                                                                    ,janis105                                                                    ,A     ,1745 1746 1747     ,Round 3   ,2          ,Christos            ,Christos
Dridri457                                                                   ,pat2678                                                                     ,A     ,1507 1508 1509     ,Round 3   ,2          ,Dridri457           ,Dridri457
xTina                                                                       ,sdj                                                                         ,A     ,1510 1511 1512     ,Round 3   ,2          ,xtina xendrix       ,xTina
Texas Cloverleaf                                                            ,MrBluestacks                                                                ,B     ,1748 1749          ,Round 3   ,2          ,Mr Bluestacks       ,MrBluestacks
OOZ                                                                         ,UsernameABCD                                                                ,A     ,1513 1514          ,Round 3   ,2          ,OOz!?               ,OOZ
Futtoka                                                                     ,derevien                                                                    ,B     ,1515 1516          ,Round 3   ,2          ,Derevien            ,derevien
nekuyagokoro                                                                ,LoDart210                                                                   ,A     ,1750 1751          ,Round 3   ,2          ,NekuYagokoro        ,nekuyagokoro
kingofironfrisk                                                             ,Microsoft_J                                                                 ,A     ,2076 2077 2078     ,Round 3   ,2          ,kingofironfrisk     ,kingofironfrisk
Zpanther                                                                    ,dorugang                                                                    ,A     ,1517 1518          ,Round 3   ,2          ,Zpanther            ,Zpanther
Nicole                                                                      ,kebinsan                                                                    ,A     ,1519 1520          ,Round 3   ,2          ,nicole7735          ,Nicole
Rambode                                                                     ,dimiswooner                                                                 ,A     ,2079 2080 2081     ,Round 3   ,2          ,Rambode             ,Rambode
xGangg                                                                      ,Basharapplejuice                                                            ,A     ,1752 1753          ,Round 3   ,2          ,xGangg              ,xGangg
Mackenzie                                                                   ,chtx                                                                        ,B     ,1521 1522 1523     ,Round 3   ,2          ,ccczzx              ,chtx
H>L                                                                         ,papajefe                                                                    ,A     ,1754 1755          ,Round 3   ,2          ,Hydreigon > Latias  ,H>L
Oathkeeper                                                                  ,yd12k                                                                       ,B     ,1772 1773 1774     ,Round 3   ,2          ,yd12k               ,yd12k
OOF_MAXIMA                                                                  ,ManiacalDolphin                                                             ,a     ,act                ,Round 3   ,0          ,act                 ,act
Buzzed                                                                      ,Cyber-DJ                                                                    ,b     ,1775 1776 1777     ,Round 3   ,2          ,yt-cyber-dj         ,Cyber-DJ
King Raska                                                                  ,@geosesarma                                                                 ,A     ,1778 1779          ,Round 3   ,2          ,RaskaPork           ,King Raska
qsns                                                                        ,pinjarrapanther                                                             ,a     ,1780 1781          ,Round 3   ,2          ,qsns                ,qsns
TechSavage                                                                  ,saltocorto                                                                  ,b     ,1782 1783 1784     ,Round 3   ,2          ,salto               ,saltocorto
Younglemonhope                                                              ,sensei_moon                                                                 ,a     ,1785 1786 1787     ,Round 3   ,2          ,Girls See Ghosts    ,Younglemonhope
Cryolite                                                                    ,med470                                                                      ,B     ,2205 2206 2207     ,Round 3   ,2          ,scald>focusmiss     ,med470
Shadowtime2000                                                              ,lemon04                                                                     ,a     ,1788 1789          ,Round 3   ,2          ,shadowtime2000      ,Shadowtime2000
ratdogreborn                                                                ,Pulcsii                                                                     ,a     ,1790 1791          ,Round 3   ,2          ,ratdogrefurnished   ,ratdogreborn
Hinkage                                                                     ,wwwmonmon                                                                   ,b     ,1792 1793          ,Round 3   ,2          ,wwwmonmon           ,wwwmonmon
Dancing Along/Abreaction                                                    ,Polt99                                                                      ,a     ,act                ,Round 3   ,0          ,act                 ,act
Just_Leo                                                                    ,big_jerry                                                                   ,a     ,1794 1795 1796     ,Round 3   ,2          ,Just_Leonardo       ,Just_Leo
DastardlyDwarf                                                              ,elmagneto                                                                   ,b     ,1797 1798 1799     ,Round 3   ,2          ,AutumnWailord       ,elmagneto
Jabba                                                                       ,Musical_box                                                                 ,a     ,1800 1801          ,Round 3   ,2          ,TreinerOrenge       ,Jabba
bd31                                                                        ,madelinmorningstar                                                          ,a     ,1802 1803          ,Round 3   ,2          ,BlazingDark         ,bd31
Psychokinetic4                                                              ,zy___                                                                       ,a     ,1804 1805          ,Round 3   ,2          ,cloud bolt          ,Psychokinetic4
Skarpherim                                                                  ,goldthe1andonly                                                             ,a     ,1806 1807          ,Round 3   ,2          ,Skarph☾eRiM         ,Skarpherim
usbreon                                                                     ,Kenmarijuana                                                                ,a     ,1808 1809 1810     ,Round 3   ,2          ,Usbreon             ,usbreon
Tiberiusfieri                                                               ,ebitachy                                                                    ,a     ,1816 1817 1818     ,Round 3   ,2          ,Salty Lame-o        ,Tiberiusfieri
Svejk97                                                                     ,realfredrickDOUGLASS                                                        ,a     ,1819 1820          ,Round 3   ,2          ,Svejk97             ,Svejk97
YamHam                                                                      ,grahamsandwich                                                              ,b     ,1832 1833          ,Round 3   ,2          ,garhamsandich       ,grahamsandwich
imcob                                                                       ,_deacon                                                                     ,b     ,1834 1835          ,Round 3   ,2          ,xDeacon             ,_deacon
tibetanator                                                                 ,crustaceus                                                                  ,b     ,1836 1837          ,Round 3   ,2          ,crustaceus          ,crustaceus
Drekt93#0078                                                                ,@struggles_under_pressure                                                   ,a     ,1838 1839 1840     ,Round 3   ,2          ,Drekt93             ,Drekt93#0078
Tyxerns                                                                     ,Salamaster                                                                  ,b     ,1841 1842 1843     ,Round 3   ,2          ,smollest brian      ,Salamaster
Nicko8                                                                      ,liamworldpeace                                                              ,A     ,2203 2204          ,Round 3   ,2          ,E585                ,Nicko8
xerospacious                                                                ,I am the Jarl                                                               ,b     ,1844 1845          ,Round 3   ,2          ,Shreddersam         ,I am the Jarl
temraneee                                                                   ,jozin457                                                                    ,b     ,1846 1847          ,Round 3   ,2          ,jozin457            ,jozin457
Lawrencelot                                                                 ,almarkowbender                                                              ,b     ,1848 1849 1850     ,Round 3   ,2          ,almarkowbender      ,almarkowbender
funhouse3                                                                   ,Lunasran                                                                    ,B     ,act                ,Round 3   ,0          ,act                 ,act
thegreatest23                                                               ,Felizelise                                                                  ,b     ,1866 1867 1868     ,Round 3   ,2          ,chiefbeef1234       ,Felizelise
vy_apostrophe                                                               ,Hypermoth                                                                   ,b     ,1869 1870          ,Round 3   ,2          ,Schmohg             ,Hypermoth
durmain (slamonBbq)                                                         ,girlevader                                                                  ,a     ,1871 1872          ,Round 3   ,2          ,SlamonBBQ           ,durmain (slamonBbq)
deftbrixton                                                                 ,tanao                                                                       ,a     ,1873 1874          ,Round 3   ,2          ,Big John Green      ,deftbrixton
cashzachary                                                                 ,irrelevantone                                                               ,A     ,2200 2201 2202     ,Round 3   ,2          ,13ased              ,cashzachary
.turkeyleg                                                                  ,steffmoney                                                                  ,a     ,1875 1876 1877     ,Round 3   ,2          ,UrMotherIsUrFather  ,.turkeyleg
SentientSanchez                                                             ,milkshook00                                                                 ,b     ,1878 1879 1880     ,Round 3   ,2          ,Milkshook♡          ,milkshook00
emerald_harrold                                                             ,lucida                                                                      ,a     ,1881 1882          ,Round 3   ,2          ,Emerald_Harrold     ,emerald_harrold
tamafuyu                                                                    ,Redrame                                                                     ,b     ,1618 1619 1620     ,Round 3   ,2          ,Redrame             ,Redrame
cisconduct                                                                  ,testemunha2622                                                              ,a     ,act                ,Round 3   ,0          ,act                 ,act
air602                                                                      ,treyprime                                                                   ,a     ,1621 1622 1623     ,Round 3   ,2          ,AirPan              ,air602
erfder (old style Erfder#3147)                                              ,yuramas                                                                     ,b     ,1626 1627          ,Round 3   ,2          ,yuramas             ,yuramas
Vholtninja                                                                  ,wavy_ish                                                                    ,b     ,act                ,Round 3   ,0          ,act                 ,act
kinglazi                                                                    ,Stuckkkk                                                                    ,b     ,2040 2041 2042     ,Round 3   ,2          ,stuckkkk            ,Stuckkkk
justbestlevels                                                              ,ViciousCricket                                                              ,a     ,1628 1629 1630     ,Round 3   ,2          ,jlev                ,justbestlevels
Dig Boshi                                                                   ,Ghostfall22                                                                 ,b     ,1631 1632          ,Round 3   ,2          ,Ghostfall22         ,Ghostfall22
onewhorants                                                                 ,sharkhammer                                                                 ,a     ,1633 1634 1635     ,Round 3   ,2          ,OneWhoRants         ,onewhorants
kalarse                                                                     ,terradayy                                                                   ,a     ,1636 1637 1638     ,Round 3   ,2          ,kalarse             ,kalarse
Repiloid                                                                    ,zettsbro                                                                    ,b     ,act                ,Round 3   ,0          ,act                 ,act
LevysChair                                                                  ,dragonlord6954                                                              ,a     ,1639 1640 1641     ,Round 3   ,2          ,Levy's Chair        ,LevysChair
poots6476                                                                   ,mafx                                                                        ,a     ,1642 1643 1644     ,Round 3   ,2          ,Gooball99           ,poots6476
themightyq99                                                                ,dustyfans                                                                   ,b     ,1645 1646 1647     ,Round 3   ,2          ,dustyfans           ,dustyfans
Aahaahaah                                                                   ,.FunkyCop                                                                   ,b     ,1650 1648 1649     ,Round 3   ,2          ,FunkyCop1998        ,.FunkyCop
swordpeace3232                                                              ,felipe01788_                                                                ,a     ,1651 1652          ,Round 3   ,2          ,swordpeacead        ,swordpeace3232
Slimsinatra93                                                               ,doh#5604                                                                    ,b     ,act                ,Round 3   ,0          ,act                 ,act
yadyaksh                                                                    ,stolenpaper                                                                 ,b     ,act                ,Round 3   ,0          ,act                 ,act
KingWafl                                                                    ,ltg04                                                                       ,b     ,1653 1654 1655     ,Round 3   ,2          ,LTG                 ,ltg04
strawbbz                                                                    ,Mulikki123                                                                  ,a     ,2043 2044          ,Round 3   ,2          ,Strawbbz            ,strawbbz
egocheck                                                                    ,koentjelub                                                                  ,a     ,1656 1657          ,Round 3   ,2          ,DunsparceGamer      ,egocheck
lucyisafish                                                                 ,nichard_                                                                    ,b     ,2045 2046 2047     ,Round 3   ,2          ,squeenr             ,nichard_
heroin4sale                                                                 ,bohrier                                                                     ,b     ,1658 1659          ,Round 3   ,2          ,RetiredBohrier      ,bohrier
pLzzazz                                                                     ,jd_orph                                                                     ,b     ,1660 1661 1662     ,Round 3   ,2          ,gshed               ,jd_orph
Melninja                                                                    ,Shifty1239                                                                  ,b     ,1431 1432          ,Round 3   ,2          ,Tasmanian Demon     ,Shifty1239
HakkihanTunbak (I recently joined the discord)                              ,anashensoul                                                                 ,b     ,1663 1664 1665     ,Round 3   ,2          ,AnotherAshenSoul    ,anashensoul
darth_halux                                                                 ,doomlsinger                                                                 ,a     ,2048 2049          ,Round 3   ,2          ,halux               ,darth_halux
Dray_jd                                                                     ,Mamakoko                                                                    ,b     ,1666 1667 1668     ,Round 3   ,2          ,venik777            ,Mamakoko
no8ull                                                                      ,hypebeasthegel                                                              ,a     ,1669 1670 1671     ,Round 3   ,2          ,No8ull              ,no8ull
Josito                                                                      ,treeshhhh                                                                   ,b     ,act                ,Round 3   ,0          ,act                 ,act
zxgzxg                                                                      ,danielsemmson                                                               ,a     ,act                ,Round 3   ,0          ,act                 ,act
otael                                                                       ,Spedonic                                                                    ,a     ,2050 2051          ,Round 3   ,2          ,otael               ,otael
thefattestofyoshis                                                          ,kvistsivk                                                                   ,b     ,1672 1673          ,Round 3   ,2          ,Kvist               ,kvistsivk
bruh504                                                                     ,kylemckell                                                                  ,b     ,2052 2053          ,Round 3   ,2          ,duckstroyer         ,kylemckell
@pek__                                                                      ,allance05                                                                   ,a     ,act                ,Round 3   ,0          ,act                 ,act
annuit99                                                                    ,Rezzo                                                                       ,a     ,1674 1756          ,Round 3   ,2          ,RedCrimp            ,annuit99
.aj2.0                                                                      ,scurrying_snail                                                             ,a     ,1757 1758          ,Round 3   ,2          ,drogasas            ,.aj2.0
cow3492                                                                     ,Stockings                                                                   ,b     ,2054 2055          ,Round 3   ,2          ,Stockings           ,Stockings
larkindred                                                                  ,sapphire918                                                                 ,b     ,1759 1760          ,Round 3   ,2          ,alphasapphire918    ,sapphire918
jussydkt                                                                    ,firecracker1195                                                             ,A     ,1967 1968          ,Round 3   ,2          ,justifine           ,jussydkt
Antinomy                                                                    ,Blanched                                                                    ,B     ,act                ,Round 3   ,0          ,act                 ,act
.germ_                                                                      ,Calm Stiege                                                                 ,B     ,1969 1970 1971     ,Round 3   ,2          ,Calm Stiege         ,Calm Stiege
1captainmorgan                                                              ,Somnanana                                                                   ,A     ,act                ,Round 3   ,0          ,act                 ,act
tonii5531                                                                   ,hipimochi                                                                   ,A     ,1972 1973          ,Round 3   ,2          ,Jnho                ,tonii5531
Tefo                                                                        ,Guebor                                                                      ,A     ,1974 1975          ,Round 3   ,2          ,TefoShark           ,Tefo
Daeronchick                                                                 ,millingwinds                                                                ,B     ,act                ,Round 3   ,0          ,act                 ,act
theepiccd56                                                                 ,James67                                                                     ,B     ,1976 1977          ,Round 3   ,2          ,boshinator6         ,James67
Nuskadamo                                                                   ,.seden                                                                      ,B     ,act                ,Round 3   ,0          ,act                 ,act
HunarPG                                                                     ,diamonddiancie                                                              ,B     ,1978 1979          ,Round 3   ,2          ,DiamondDiancie25    ,diamonddiancie
wolfturds                                                                   ,bigjon.                                                                     ,A     ,1980 1981 1982     ,Round 3   ,2          ,Wolf Turds          ,wolfturds
@aevitostrath or Timehacker Aevitos                                         ,SqueamishCube                                                               ,B     ,1983 1984 1985     ,Round 3   ,2          ,SqueamishCube       ,SqueamishCube
tj_srevlis                                                                  ,hansenator.                                                                 ,A     ,1986 1987          ,Round 3   ,2          ,advwtrainingwheels  ,tj_srevlis
Moneybaggslowbro                                                            ,dylan69__                                                                   ,B     ,1988 1989          ,Round 3   ,2          ,thedolla            ,dylan69__
fayestra                                                                    ,KeshBa45                                                                    ,B     ,1990 1991          ,Round 3   ,2          ,KeshBa45            ,KeshBa45
Goodnightloulou                                                             ,mewunderscoretwo                                                            ,B     ,1992 1993 1994     ,Round 3   ,2          ,moowee              ,mewunderscoretwo
clinkbug                                                                    ,Master_Penguini                                                             ,A     ,1995 1996          ,Round 3   ,2          ,asbolus verrucosus  ,clinkbug
ultraemeraldman_16197                                                       ,choicescarf002                                                              ,B     ,1997 1998          ,Round 3   ,2          ,naisuneicha         ,choicescarf002
Zacynthius02                                                                ,Alargemongoose                                                              ,B     ,act                ,Round 3   ,0          ,act                 ,act
roofb                                                                       ,TacCat                                                                      ,B     ,act                ,Round 3   ,0          ,act                 ,act
yallen                                                                      ,sprasle                                                                     ,A     ,1999 2000          ,Round 3   ,2          ,Yallen              ,yallen
Lhions                                                                      ,Himura                                                                      ,B     ,2001 2002          ,Round 3   ,2          ,Himurabt            ,Himura
tahat_t                                                                     ,CoffeePour                                                                  ,A     ,2003 2004          ,Round 3   ,2          ,tahat squared       ,tahat_t
nemesis_deno                                                                ,deckline                                                                    ,A     ,2005 2006 2007     ,Round 3   ,2          ,deno_nemesis        ,nemesis_deno
ponzuuu                                                                     ,Leeto64                                                                     ,B     ,2008 2009          ,Round 3   ,2          ,Leeto64             ,Leeto64
The_Badger1230                                                              ,CraterLake                                                                  ,A     ,act                ,Round 3   ,0          ,act                 ,act
@xlimexheep                                                                 ,"rbvengeance (Nicknamed RBV in the server, you can use this as a shorthand)",A     ,2010 2011 2012     ,Round 3   ,2          ,xlimexheep          ,@xlimexheep
Reptikrook                                                                  ,bobjoecarl                                                                  ,A     ,2013 2014 2015     ,Round 3   ,2          ,reptikrook          ,Reptikrook
Baptista                                                                    ,Jsockamisama                                                                ,A     ,2016 2017 2018     ,Round 3   ,2          ,Baptosta            ,Baptista
CodeRedSP                                                                   ,incognidoqueen                                                              ,B     ,2019 2020 2021     ,Round 3   ,2          ,incognidoqueen      ,incognidoqueen
wombatbaby                                                                  ,leofox___                                                                   ,B     ,act                ,Round 3   ,0          ,act                 ,act
ditdus.                                                                     ,Melee Minion                                                                ,A     ,2022 2023 2024     ,Round 3   ,2          ,Dit Dus             ,ditdus.
diegoyuhhi                                                                  ,plznostep                                                                   ,A     ,2025 2026          ,Round 3   ,2          ,diegoyuhhi          ,diegoyuhhi
Greyaz                                                                      ,flareliger                                                                  ,b     ,2027 2028          ,Round 3   ,2          ,FlareLiger          ,flareliger
iwasmoth                                                                    ,biff_the_banana                                                             ,B     ,2029 2030          ,Round 3   ,2          ,Biffo Banana        ,biff_the_banana
halbertsimpson                                                              ,Colby2D                                                                     ,B     ,2031 2032          ,Round 3   ,2          ,Colby2D             ,Colby2D
ChocoboJoe                                                                  ,SpeccyGames                                                                 ,A     ,2033 2034          ,Round 3   ,2          ,realtimeglover      ,ChocoboJoe
truelawbringer                                                              ,Samnyg                                                                      ,B     ,2035 2036 2037     ,Round 3   ,2          ,salmonlad           ,Samnyg
Derde                                                                       ,litterofbiscuits                                                            ,A     ,2038 2039          ,Round 3   ,2          ,Surko               ,Derde
blisy                                                                       ,gambling.goddess                                                            ,a     ,1550 1551          ,Round 3   ,2          ,NoBottlecapsBlisy   ,blisy
jensendale                                                                  ,Graham (graaahaaam)                                                         ,a     ,1601 1602 1603     ,Round 3   ,2          ,JensenDale          ,jensendale
solars_power                                                                ,gpd_123                                                                     ,b     ,1963 1964          ,Round 3   ,2          ,Group PD            ,gpd_123
socialinclusion                                                             ,Genofool                                                                    ,a     ,1604 1605          ,Round 3   ,2          ,social inclusion    ,socialinclusion
Mimien97                                                                    ,nadiddhrabb                                                                 ,b     ,1552 1553 1554     ,Round 3   ,2          ,Dhrabb              ,nadiddhrabb
saiyanpride.                                                                ,biluv_v                                                                     ,a     ,1555 1556 1557     ,Round 3   ,2          ,lt. pickles         ,saiyanpride.
Kydreith33                                                                  ,ChetManley                                                                  ,a     ,1606 1607          ,Round 3   ,2          ,kydreith33          ,Kydreith33
Grain_Jar                                                                   ,peacemaker040                                                               ,a     ,1965 1966          ,Round 3   ,2          ,Glick666            ,Grain_Jar
shadowinger                                                                 ,moggie776                                                                   ,a     ,1558 1559 1560     ,Round 3   ,2          ,shadowinger         ,shadowinger
5darkelves_gmen                                                             ,etymon_                                                                     ,a     ,1561 1562 1563     ,Round 3   ,2          ,5darkelves          ,5darkelves_gmen
busyboi                                                                     ,swope                                                                       ,a     ,1608 1609 1610     ,Round 3   ,2          ,busyboi             ,busyboi
isaiahterveen                                                               ,samjamslam                                                                  ,b     ,1564 1565 1566     ,Round 3   ,2          ,LilBigBamSam        ,samjamslam
catholicguilttrip                                                           ,bydy2                                                                       ,b     ,1611 1612          ,Round 3   ,2          ,bydy2               ,bydy2
prestonv                                                                    ,Kenuckz                                                                     ,b     ,1567 1568          ,Round 3   ,2          ,donk27              ,Kenuckz
michaelmeets                                                                ,style_purposes                                                              ,b     ,act                ,Round 3   ,0          ,act                 ,act
Ktools#9665                                                                 ,gogozeppeli1890 (rconquer)                                                  ,b     ,1569 1570 1571     ,Round 3   ,2          ,go-go-zeppeli-1890  ,gogozeppeli1890 (rconquer)
dadaasdcfaw                                                                 ,dfr2248                                                                     ,a     ,1572 1573 1574     ,Round 3   ,2          ,dadaasdcfaw         ,dadaasdcfaw
comseal                                                                     ,olliertlol                                                                  ,a     ,act                ,Round 3   ,0          ,act                 ,act
zoyotte                                                                     ,blunderpolicy                                                               ,b     ,1958 1959 1960     ,Round 3   ,2          ,blundergoth         ,blunderpolicy
Raven_queen                                                                 ,grillking                                                                   ,a     ,1961 1962          ,Round 3   ,2          ,corvid_queen        ,Raven_queen
ashvinbutduck                                                               ,luukthegamer                                                                ,a     ,act                ,Round 3   ,0          ,act                 ,act
coutt                                                                       ,_rekkzz_                                                                    ,b     ,1575 1576 1577     ,Round 3   ,2          ,strictsceptile1     ,_rekkzz_
charku                                                                      ,sanbaibeepo                                                                 ,b     ,1578 1579 1580     ,Round 3   ,2          ,beeoi               ,sanbaibeepo
EatYourToastSon                                                             ,itsaregionaldialect                                                         ,a     ,act                ,Round 3   ,0          ,act                 ,act
Axselo                                                                      ,Wizzyhatg                                                                   ,b     ,1581 1582 1583     ,Round 3   ,2          ,wizzyhatg           ,Wizzyhatg
witgiz                                                                      ,MCJD931                                                                     ,a     ,1584 1585          ,Round 3   ,2          ,witgiz              ,witgiz
4lowray                                                                     ,Simonf                                                                      ,b     ,1586 1587 1588     ,Round 3   ,2          ,simonsimonf         ,Simonf
tavi_tavi                                                                   ,TheTwo                                                                      ,a     ,1613 1614          ,Round 3   ,2          ,TaviTavi            ,tavi_tavi
draccus_comun                                                               ,myrox123                                                                    ,a     ,1589 1590          ,Round 3   ,2          ,draccuscomun        ,draccus_comun
Altina                                                                      ,sopphaking                                                                  ,a     ,1591 1592 1593     ,Round 3   ,2          ,Altina              ,Altina
A Welcome Guest                                                             ,perogee                                                                     ,b     ,1899 1900 1901     ,Round 3   ,2          ,perogee             ,perogee
Kingu                                                                       ,poosh_i                                                                     ,b     ,1594 1595 1596     ,Round 3   ,2          ,1p1o1s1h1e1         ,poosh_i
Roy Yamaha                                                                  ,wonderfulwhiscash                                                           ,a     ,act                ,Round 3   ,0          ,act                 ,act
Smallow                                                                     ,Gthorpe1993                                                                 ,a     ,1597 1598          ,Round 3   ,2          ,donsmallow          ,Smallow
Zcarlett                                                                    ,chipi                                                                       ,a     ,1615 1616 1617     ,Round 3   ,2          ,Zcarlett            ,Zcarlett
Alecss                                                                      ,renlyyynnn                                                                  ,a     ,act                ,Round 3   ,0          ,act                 ,act
soulive                                                                     ,frogsella                                                                   ,b     ,act                ,Round 3   ,0          ,act                 ,act
Loneling                                                                    ,Filthy Cubone                                                               ,a     ,1902 1903          ,Round 3   ,2          ,Loneling            ,Loneling
viel06                                                                      ,countsligo                                                                  ,b     ,1599 1600          ,Round 3   ,2          ,Count Sliggoo II    ,countsligo
MenaCicada                                                                  ,rizzarroflame                                                               ,b     ,1947 1948 1949     ,Round 3   ,2          ,Rizzarro Flame      ,rizzarroflame
enkiduofficial                                                              ,green.9082                                                                  ,b     ,1769 1770 1771     ,Round 3   ,2          ,green.9082          ,green.9082
fuckboylenny                                                                ,SUB 25                                                                      ,a     ,act                ,Round 3   ,0          ,act                 ,act
dazey                                                                       ,Rebatca                                                                     ,b     ,1766 1767 1768     ,Round 3   ,2          ,Rebatca             ,Rebatca
jpmockman                                                                   ,SUB 20                                                                      ,a     ,act                ,Round 3   ,0          ,act                 ,act
SUB 23                                                                      ,Luca Dylan                                                                  ,B     ,act                ,Round 3   ,0          ,act                 ,act
JxJ                                                                         ,loffelbiskuit                                                               ,a     ,1534 1535 1536     ,Round 3   ,2          ,SerpentZero         ,JxJ
MoxieKrok                                                                   ,CHICKENBOOB                                                                 ,A     ,act                ,Round 3   ,0          ,act                 ,act
SUB 26                                                                      ,luca                                                                        ,b     ,act                ,Round 3   ,0          ,act                 ,act
WraxiusGaming                                                               ,SUB 28                                                                      ,A     ,act                ,Round 3   ,0          ,act                 ,act
lemann8184                                                                  ,aquaa                                                                       ,b     ,act                ,Round 3   ,0          ,act                 ,act
2coinsglued                                                                 ,SUB 21                                                                      ,a     ,act                ,Round 3   ,0          ,act                 ,act
bigyunakafan                                                                ,javiercar#9743                                                              ,b     ,1950 1951          ,Round 3   ,2          ,javiercar           ,javiercar#9743
giantking20                                                                 ,.lucky_7.                                                                   ,b     ,act                ,Round 3   ,0          ,act                 ,act
Ezcrime                                                                     ,martconqueso                                                                ,b     ,2083 2084          ,Round 3   ,2          ,Vangaio             ,martconqueso
_honua                                                                      ,tommy4830                                                                   ,b     ,1445 1446 1447     ,Round 3   ,2          ,shitking            ,tommy4830
SUB 3                                                                       ,caps lock 3009                                                              ,b     ,act                ,Round 3   ,0          ,act                 ,act
SUB 17                                                                      ,Ale8150                                                                     ,B     ,act                ,Round 3   ,0          ,act                 ,act
Kenava                                                                      ,brunocoolgamers                                                             ,a     ,1547 1548 1549     ,Round 3   ,2          ,Kenava              ,Kenava
msousa                                                                      ,Fairy                                                                       ,a     ,1544 1545 1546     ,Round 3   ,2          ,Msousagamer         ,msousa
SUB 22                                                                      ,dabebri                                                                     ,B     ,act                ,Round 3   ,0          ,act                 ,act
hachimaki.                                                                  ,SUB 24                                                                      ,a     ,act                ,Round 3   ,0          ,act                 ,act
Birthdayninja                                                               ,chad.lagos                                                                  ,b     ,1541 1542 1543     ,Round 3   ,2          ,chad.lagos          ,chad.lagos
Albatross115                                                                ,SUB 2                                                                       ,a     ,act                ,Round 3   ,0          ,act                 ,act
mcgowin (ID: lgv#9084)                                                      ,BlerpDerpSkerp                                                              ,a     ,act                ,Round 3   ,0          ,act                 ,act
Eternum                                                                     ,Yatagarasuwu                                                                ,b     ,1441 1442          ,Round 3   ,2          ,Yatagarasuwu        ,Yatagarasuwu
SUB 19                                                                      ,doc.steel                                                                   ,b     ,act                ,Round 3   ,0          ,act                 ,act
SUB 12                                                                      ,chrisdrums19                                                                ,b     ,act                ,Round 3   ,0          ,act                 ,act
nihiliros                                                                   ,SUB 18                                                                      ,a     ,act                ,Round 3   ,0          ,act                 ,act
SUB 27                                                                      ,hangerguardian                                                              ,b     ,act                ,Round 3   ,0          ,act                 ,act
ilovemygrandma444                                                           ,Carfrogs                                                                    ,a     ,act                ,Round 3   ,0          ,act                 ,act
SUB 8                                                                       ,the_app                                                                     ,b     ,act                ,Round 3   ,0          ,act                 ,act
Pabby_1805                                                                  ,kingkpak#0546                                                               ,a     ,1764 1765          ,Round 3   ,2          ,Whiscash Cuajao     ,Pabby_1805
DonlyPhans                                                                  ,realshelly                                                                  ,a     ,1761 1762 1763     ,Round 3   ,2          ,Donly Phans         ,DonlyPhans
Pietro Giuffra                                                              ,scrapmetal56                                                                ,b     ,act                ,Round 3   ,0          ,act                 ,act
SUB 13                                                                      ,v1ctor23                                                                    ,b     ,act                ,Round 3   ,0          ,act                 ,act
Forest4269                                                                  ,SUB 9                                                                       ,a     ,act                ,Round 3   ,0          ,act                 ,act
ellieofficialvevo                                                           ,Stao                                                                        ,b     ,1539 1540          ,Round 3   ,2          ,stao                ,Stao
kool_kat.                                                                   ,bdicap                                                                      ,b     ,1537 1538          ,Round 3   ,2          ,bdicap              ,bdicap
lacoot                                                                      ,GSC_Lover_Boy                                                               ,b     ,1524 1525 1526     ,Round 3   ,2          ,GSC_Lover_Boy       ,GSC_Lover_Boy
epiclyepicgamer                                                             ,bevreeze                                                                    ,a     ,1897 1898          ,Round 3   ,2          ,EpiclyEpicGamerW    ,epiclyepicgamer
avongarde_ult                                                               ,shinyhunter8013                                                             ,a     ,act                ,Round 3   ,0          ,act                 ,act
loopingpyre                                                                 ,nick_parenti                                                                ,b     ,1527 1528          ,Round 3   ,2          ,StatelessFir        ,nick_parenti
bashedayo                                                                   ,starii88                                                                    ,b     ,1433 1434 1435     ,Round 3   ,2          ,jimothy non-subs    ,starii88
Pressle54                                                                   ,lraven17                                                                    ,a     ,act                ,Round 3   ,0          ,act                 ,act
FISH (gypsytea)                                                             ,IAmGolden.                                                                  ,a     ,act                ,Round 3   ,0          ,act                 ,act
scootymcbooty123                                                            ,SUB 15                                                                      ,a     ,act                ,Round 3   ,0          ,act                 ,act
SUB 14                                                                      ,kewta                                                                       ,b     ,act                ,Round 3   ,0          ,act                 ,act
bugthatlovesfish                                                            ,Sotina                                                                      ,a     ,1436 1437 1438     ,Round 3   ,2          ,bugcondition        ,bugthatlovesfish
SUB 29                                                                      ,Wifike                                                                      ,b     ,act                ,Round 3   ,0          ,act                 ,act
allmovingshadows                                                            ,Ragnarocco244                                                               ,a     ,1529 1530 1531     ,Round 3   ,2          ,allmovingshadows    ,allmovingshadows
SUB 4                                                                       ,Bedal.r                                                                     ,b     ,act                ,Round 3   ,0          ,act                 ,act
kinou_pkm                                                                   ,SUB 7                                                                       ,a     ,act                ,Round 3   ,0          ,act                 ,act
xamvius                                                                     ,ByrneBaby                                                                   ,a     ,1532 1533          ,Round 3   ,2          ,Xamvius             ,xamvius
theamazingeevee                                                             ,YellowHat#0714                                                              ,a     ,1451 1452          ,Round 3   ,2          ,theamazingeevee     ,theamazingeevee
berkyderky                                                                  ,ambiguousity_                                                               ,a     ,1895 1896          ,Round 3   ,2          ,berkyderky          ,berkyderky
aldrichunfaithful                                                           ,romeugoat._25355                                                            ,a     ,act                ,Round 3   ,0          ,act                 ,act
SUB 6                                                                       ,Print Screen                                                                ,b     ,act                ,Round 3   ,0          ,act                 ,act
toruwu                                                                      ,valyns                                                                      ,b     ,2085 2086          ,Round 3   ,2          ,Valyns              ,valyns
Witchgender                                                                 ,jheff97                                                                     ,a     ,1892 1893 1894     ,Round 3   ,2          ,Witchgender         ,Witchgender
SUB 11                                                                      ,dinkdank_                                                                   ,b     ,act                ,Round 3   ,0          ,act                 ,act
lindonh                                                                     ,lawn1826                                                                    ,a     ,act                ,Round 3   ,0          ,act                 ,act
warupeach                                                                   ,cheerful_dragon_75260                                                       ,a     ,act                ,Round 3   ,0          ,act                 ,act
cleffacutie                                                                 ,.alig.                                                                      ,b     ,1890 1891          ,Round 3   ,2          ,ali.gnome           ,.alig.
SUB 16                                                                      ,Nunleft                                                                     ,b     ,act                ,Round 3   ,0          ,act                 ,act
walterbite                                                                  ,evilartnboy                                                                 ,a     ,1887 1888 1889     ,Round 3   ,2          ,JakeConway          ,walterbite
Fierros47                                                                   ,le_penseur                                                                  ,a     ,act                ,Round 3   ,0          ,act                 ,act
YlisseanStarlight                                                           ,peabnut                                                                     ,a     ,act                ,Round 3   ,0          ,act                 ,act
Hidan.0/idfk                                                                ,Latlat1                                                                     ,b     ,act                ,Round 3   ,0          ,act                 ,act
mugua (purple Pikmin pfp)                                                   ,triskeriaki                                                                 ,b     ,act                ,Round 3   ,0          ,act                 ,act
elysyr                                                                      ,Apostic                                                                     ,a     ,1439 1440          ,Round 3   ,2          ,Elisy               ,elysyr
krungus_01138                                                               ,elanieunderscore                                                            ,a     ,1450 1453 1454     ,Round 3   ,2          ,krungo              ,krungus_01138
almbkn                                                                      ,Peppeppeia                                                                  ,a     ,act                ,Round 3   ,0          ,act                 ,act
GroundBack                                                                  ,rajime.                                                                     ,b     ,1443 1444          ,Round 3   ,2          ,rajime(real)        ,rajime.
jahim_                                                                      ,Vassimobin                                                                  ,a     ,1455 1456          ,Round 3   ,2          ,Jahim the Cream     ,jahim_
zioplys                                                                     ,bergenseren                                                                 ,a     ,act                ,Round 3   ,0          ,act                 ,act
glucoseguardian1                                                            ,wyli.olivete                                                                ,b     ,1885 1886          ,Round 3   ,2          ,azepto              ,wyli.olivete
Frutiepie                                                                   ,SUB 10                                                                      ,a     ,act                ,Round 3   ,0          ,act                 ,act
Mielke                                                                      ,.seden                                                                      ,a     ,2300 2301 2302     ,Round 4   ,2          ,3 blades            ,Mielke
Fakes                                                                       ,jaden_17522                                                                 ,a     ,2303 2304          ,Round 4   ,2          ,Fakes               ,Fakes
Triangles                                                                   ,pac_rojo                                                                    ,a     ,2305 2306          ,Round 4   ,2          ,triangles           ,Triangles
Fear                                                                        ,cocoo7538                                                                   ,a     ,2589 2590          ,Round 4   ,2          ,Fear                ,Fear
jumpy23                                                                     ,GreenCity                                                                   ,a     ,2307 2308 2309     ,Round 4   ,2          ,I'm the Dome Ace    ,jumpy23
Kollin                                                                      ,lexi.pup                                                                    ,a     ,2310 2311          ,Round 4   ,2          ,Kollin7             ,Kollin
River                                                                       ,executive_assistant                                                         ,a     ,2312 2313          ,Round 4   ,2          ,violet river        ,River
Voyager                                                                     ,Ghostmalone.                                                                ,b     ,2591 2592 2593     ,Round 4   ,2          ,Ghost Melone        ,Ghostmalone.
Carapinga                                                                   ,venomshoc                                                                   ,a     ,2597 2598 2599     ,Round 4   ,2          ,Eduardo Carapinga   ,Carapinga
Pokology                                                                    ,clarissen                                                                   ,a     ,2314 2315          ,Round 4   ,2          ,pokology2           ,Pokology
laxuy                                                                       ,Fantasmal_.                                                                 ,a     ,2316 2317          ,Round 4   ,2          ,lax                 ,laxuy
JR                                                                          ,tehpenguinofdoom                                                            ,a     ,2594 2595 2596     ,Round 4   ,2          ,ojr                 ,JR
Sheik                                                                       ,thestonewallsmith                                                           ,a     ,2318 2319 2320     ,Round 4   ,2          ,Sheik               ,Sheik
48                                                                          ,sieefffmon                                                                  ,a     ,2321 2322 2323     ,Round 4   ,2          ,Quarante8           ,48
Johnald                                                                     ,Scrigman                                                                    ,a     ,2324 2325 2326     ,Round 4   ,2          ,Ooziegib            ,Johnald
D3stiny                                                                     ,denizs8                                                                     ,b     ,2327 2328          ,Round 4   ,2          ,denizzz             ,denizs8
Segale                                                                      ,_uka                                                                        ,b     ,2329 2330 2331     ,Round 4   ,2          ,Team Constantin     ,_uka
earlgr3y                                                                    ,annuit99                                                                    ,b     ,2332 2333          ,Round 4   ,2          ,RedCrimp            ,annuit99
ThisGuyMuks                                                                 ,Agustin Palacios                                                            ,a     ,2334 2335 2336     ,Round 4   ,2          ,ThisGuyMuks         ,ThisGuyMuks
DeezCastforms                                                               ,sheikhater                                                                  ,a     ,2337 2338          ,Round 4   ,2          ,Deezcastforms       ,DeezCastforms
Zelph                                                                       ,thedarvinist                                                                ,a     ,2339 2340 2341     ,Round 4   ,2          ,EG Zelph            ,Zelph
Bhol                                                                        ,fastandsleepy                                                               ,b     ,2342 2343 2344     ,Round 4   ,2          ,no more bad dreams  ,fastandsleepy
Evakiyama                                                                   ,oskari1707                                                                  ,b     ,2345 2346 2347     ,Round 4   ,2          ,Oskari SOSA         ,oskari1707
Kai (aplgd)                                                                 ,rovels                                                                      ,a     ,2348 2349          ,Round 4   ,2          ,aplague doc         ,Kai (aplgd)
Vayun                                                                       ,Sophocles                                                                   ,b     ,act                ,Round 4   ,0          ,act                 ,act
MeEsSm                                                                      ,.brever.                                                                    ,a     ,2350 2351          ,Round 4   ,2          ,MeEsSm              ,MeEsSm
OopsAllDeoxys                                                               ,tyler.cox                                                                   ,b     ,act                ,Round 4   ,0          ,act                 ,act
Exiline                                                                     ,secondari                                                                   ,b     ,2600 2601          ,Round 4   ,2          ,Key to Life         ,secondari
shawtyyyyyyy                                                                ,heyitsmeriley                                                               ,a     ,2602 2603 2604     ,Round 4   ,2          ,marsandback         ,shawtyyyyyyy
Alice                                                                       ,dragonsareoptimal                                                           ,a     ,2352 2353          ,Round 4   ,2          ,ALlCE               ,Alice
xXEricXx                                                                    ,gorbinator.                                                                 ,a     ,2605 2606 2607     ,Round 4   ,2          ,xXEricXx            ,xXEricXx
Marshy                                                                      ,datguycactus                                                                ,a     ,2608 2609 2610     ,Round 4   ,2          ,brotha dog          ,Marshy
Churi                                                                       ,SoCalSon                                                                    ,a     ,2354 2355 2356     ,Round 4   ,2          ,Churielix           ,Churi
Egor                                                                        ,gstrem_                                                                     ,a     ,act                ,Round 4   ,0          ,act                 ,act
Cyberas                                                                     ,cepulo                                                                      ,b     ,2611 2612          ,Round 4   ,2          ,Sepulo              ,cepulo
Cake                                                                        ,Papa Escargo                                                                ,a     ,2357 2358          ,Round 4   ,2          ,Cakeconnesseur      ,Cake
Otto                                                                        ,dicerat8                                                                    ,b     ,2359 2360 2361     ,Round 4   ,2          ,dicerat8            ,dicerat8
Seradess                                                                    ,ghostreported                                                               ,a     ,2613 2614          ,Round 4   ,2          ,Seradess            ,Seradess
luisin                                                                      ,Cream314                                                                    ,a     ,2362 2363 2364     ,Round 4   ,2          ,luisin              ,luisin
Amir (lordamir & lordamir2)                                                 ,danielck9797                                                                ,a     ,2365 2366          ,Round 4   ,2          ,Amir                ,Amir (lordamir & lordamir2)
.verb                                                                       ,Saint-ome                                                                   ,b     ,2367 2368          ,Round 4   ,2          ,gorditoconbigote    ,Saint-ome
monchooo                                                                    ,gonzasaurio50                                                               ,a     ,2369 2370          ,Round 4   ,2          ,monchooo            ,monchooo
depressioncherry_66209                                                      ,dhgss                                                                       ,a     ,2371 2372          ,Round 4   ,2          ,Depres_ionCher_y    ,depressioncherry_66209
ccgeek_                                                                     ,Ho_Chi                                                                      ,b     ,act                ,Round 4   ,0          ,act                 ,act
pkLeech                                                                     ,J0af                                                                        ,a     ,2570 2571          ,Round 4   ,2          ,pkLeech             ,pkLeech
Caloom                                                                      ,MrBluestacks                                                                ,a     ,2259 2260          ,Round 4   ,2          ,Caloominum          ,Caloom
Leo                                                                         ,Lunasran                                                                    ,b     ,act                ,Round 4   ,0          ,act                 ,act
Cyberodin                                                                   ,cashzachary                                                                 ,a     ,2261 2262          ,Round 4   ,2          ,cyberodin           ,Cyberodin
Blues                                                                       ,garcilp                                                                     ,a     ,2499 2500          ,Round 4   ,2          ,bluesenergy00       ,Blues
Pak                                                                         ,Superstar                                                                   ,a     ,2143 2144          ,Round 4   ,2          ,Pak                 ,Pak
Tyros                                                                       ,Ghostfall22                                                                 ,b     ,2263 2264 2265     ,Round 4   ,2          ,Ghostfall22         ,Ghostfall22
void                                                                        ,grahamsandwich                                                              ,a     ,2572 2573 2574     ,Round 4   ,2          ,Void                ,void
Mayo                                                                        ,PuruglyIsUgly                                                               ,a     ,2145 2146          ,Round 4   ,2          ,blyargh             ,Mayo
Adam                                                                        ,blisy                                                                       ,a     ,2501 2502 2503     ,Round 4   ,2          ,AC77                ,Adam
udm31                                                                       ,lengloi                                                                     ,b     ,2266 2267          ,Round 4   ,2          ,leng loi            ,lengloi
Big Will                                                                    ,ashvinbutduck                                                               ,a     ,2147 2148          ,Round 4   ,2          ,big will 2024       ,Big Will
keepingiticy                                                                ,skittleskitty                                                               ,a     ,2177 2178 2179     ,Round 4   ,2          ,keeping it icy      ,keepingiticy
Typhoon Carter                                                              ,@pek__                                                                      ,a     ,2268 2269 2270     ,Round 4   ,2          ,tycarter            ,Typhoon Carter
eliandiditagain                                                             ,owlman7507                                                                  ,a     ,2271 2272 2273     ,Round 4   ,2          ,Elian               ,eliandiditagain
Spfunkm                                                                     ,no8ull                                                                      ,b     ,act                ,Round 4   ,0          ,act                 ,act
W_R                                                                         ,adv_fella                                                                   ,b     ,act                ,Round 4   ,0          ,act                 ,act
Zacpz                                                                       ,crustaceus                                                                  ,a     ,2149 2150 2151     ,Round 4   ,2          ,zacpz               ,Zacpz
Colteor                                                                     ,derevien                                                                    ,a     ,2508 2509          ,Round 4   ,2          ,Colteor             ,Colteor
goldmason                                                                   ,Stockings                                                                   ,b     ,act                ,Round 4   ,0          ,act                 ,act
Celdanami                                                                   ,Felizelise                                                                  ,a     ,2152 2153          ,Round 4   ,2          ,celdanami           ,Celdanami
Christos                                                                    ,otael                                                                       ,a     ,2154 2155          ,Round 4   ,2          ,Christos            ,Christos
Dridri457                                                                   ,tsuki.no.miko                                                               ,a     ,2274 2275 2276     ,Round 4   ,2          ,Dridri457           ,Dridri457
Figull400                                                                   ,Ehtis                                                                       ,a     ,2277 2278          ,Round 4   ,2          ,Figull400           ,Figull400
Don Tonionie                                                                ,swordpeace3232                                                              ,a     ,2504 2505          ,Round 4   ,2          ,themessiah1         ,Don Tonionie
xTina                                                                       ,usbreon                                                                     ,a     ,2506 2507          ,Round 4   ,2          ,xtina xendrix       ,xTina
OOZ                                                                         ,stolenpaper                                                                 ,b     ,2279 2280 2281     ,Round 4   ,2          ,Matthew Engarde     ,stolenpaper
kingofironfrisk                                                             ,br.twfb                                                                     ,a     ,2140 2141 2142     ,Round 4   ,2          ,kingofironfrisk     ,kingofironfrisk
Zpanther                                                                    ,almarkowbender                                                              ,a     ,2137 2138 2139     ,Round 4   ,2          ,Zpanther            ,Zpanther
Nicole                                                                      ,jeem16                                                                      ,a     ,2282 2283 2284     ,Round 4   ,2          ,nicole7735          ,Nicole
Rambode                                                                     ,biff_the_banana                                                             ,a     ,2285 2286          ,Round 4   ,2          ,Rambode             ,Rambode
xGangg                                                                      ,bydy2                                                                       ,a     ,2156 2157 2158     ,Round 4   ,2          ,xGangg              ,xGangg
H>L                                                                         ,5darkelves_gmen                                                             ,a     ,2287 2288 2289     ,Round 4   ,2          ,Hydreigon > Latias  ,H>L
Sanke Carp                                                                  ,sbmalus                                                                     ,b     ,2159 2160 2161     ,Round 4   ,2          ,SBMalus             ,sbmalus
OOF_MAXIMA                                                                  ,darth_halux                                                                 ,a     ,2175 2176          ,Round 4   ,2          ,OOF_MAXIMA          ,OOF_MAXIMA
Incognition                                                                 ,ditdus.                                                                     ,a     ,2575 2576 2577     ,Round 4   ,2          ,Incognition         ,Incognition
Tempokin                                                                    ,SqueamishCube                                                               ,a     ,2290 2291          ,Round 4   ,2          ,tempokin            ,Tempokin
King Raska                                                                  ,treeshhhh                                                                   ,a     ,2162 2163 2164     ,Round 4   ,2          ,RaskaPork           ,King Raska
qsns                                                                        ,Mintyfresh756                                                               ,a     ,act                ,Round 4   ,0          ,act                 ,act
Mantis                                                                      ,Shifty1239                                                                  ,a     ,2292 2293 2294     ,Round 4   ,2          ,RodentCollector     ,Mantis
Younglemonhope                                                              ,Wizzyhatg                                                                   ,a     ,2295 2296 2297     ,Round 4   ,2          ,Girls See Ghosts    ,Younglemonhope
Shadowtime2000                                                              ,.FunkyCop                                                                   ,a     ,2578 2579          ,Round 4   ,2          ,shadowtime2000      ,Shadowtime2000
ratdogreborn                                                                ,med470                                                                      ,a     ,2298 2299          ,Round 4   ,2          ,ratdogrefurnished   ,ratdogreborn
Dancing Along/Abreaction                                                    ,gpd_123                                                                     ,a     ,act                ,Round 4   ,0          ,act                 ,act
Just_Leo                                                                    ,nicki4                                                                      ,a     ,2580 2581          ,Round 4   ,2          ,Just_Leonardo       ,Just_Leo
Zinc                                                                        ,jussydkt                                                                    ,a     ,2411 2412 2413     ,Round 4   ,2          ,zinc3               ,Zinc
Jabba                                                                       ,Stuckkkk                                                                    ,a     ,2414 2415          ,Round 4   ,2          ,TreinerOrenge       ,Jabba
knexhawk                                                                    ,tavi_tavi                                                                   ,a     ,2416 2417          ,Round 4   ,2          ,knexhawk2           ,knexhawk
bd31                                                                        ,Upon_Link_Main                                                              ,a     ,2418 2419          ,Round 4   ,2          ,LE DZ ORIGINEL      ,bd31
Psychokinetic4                                                              ,dadaasdcfaw                                                                 ,b     ,act                ,Round 4   ,0          ,act                 ,act
Skarpherim                                                                  ,kuru1432                                                                    ,a     ,act                ,Round 4   ,0          ,act                 ,act
Yoink 0                                                                     ,Reptikrook                                                                  ,a     ,2420 2421 2422     ,Round 4   ,2          ,Yoink 0             ,Yoink 0
jozin457                                                                    ,mintchocolateguy                                                            ,a     ,2423 2424 2425     ,Round 4   ,2          ,jozin457            ,jozin457
dustyfans                                                                   ,Simonf                                                                      ,b     ,2426 2427          ,Round 4   ,2          ,simonsimonf         ,Simonf
brestelli                                                                   ,Svejk97                                                                     ,b     ,2428 2429          ,Round 4   ,2          ,Svejk97             ,Svejk97
The_Badger1230                                                              ,nekuyagokoro                                                                ,a     ,2430 2431          ,Round 4   ,2          ,Thebadger1230       ,The_Badger1230
leofox___                                                                   ,strawbbz                                                                    ,b     ,2432 2433          ,Round 4   ,2          ,Strawbbz            ,strawbbz
nichard_                                                                    ,milkshook00                                                                 ,b     ,2582 2583          ,Round 4   ,2          ,Milkshook♡          ,milkshook00
iNeedJuuce                                                                  ,ltg04                                                                       ,a     ,2434 2435          ,Round 4   ,2          ,Please ban rachi    ,iNeedJuuce
emerald_harrold                                                             ,gudemuch                                                                    ,a     ,2436 2437 2438     ,Round 4   ,2          ,Emerald_Harrold     ,emerald_harrold
Drekt93#0078                                                                ,flareliger                                                                  ,b     ,2439 2440 2441     ,Round 4   ,2          ,FlareLiger          ,flareliger
jthompson9021                                                               ,_deacon                                                                     ,a     ,2442 2443          ,Round 4   ,2          ,troglodyte480       ,jthompson9021
egocheck                                                                    ,diamonddiancie                                                              ,a     ,2444 2445          ,Round 4   ,2          ,DunsparceGamer      ,egocheck
btalb                                                                       ,tonii5531                                                                   ,b     ,2446 2447          ,Round 4   ,2          ,Jnho                ,tonii5531
Klird                                                                       ,poots6476                                                                   ,b     ,2587 2588          ,Round 4   ,2          ,gooball99           ,poots6476
jd_orph                                                                     ,sanbaibeepo                                                                 ,a     ,2448 2449 2450     ,Round 4   ,2          ,GShed               ,jd_orph
woeishuen                                                                   ,Raven_queen                                                                 ,a     ,2451 2452          ,Round 4   ,2          ,woeishuen           ,woeishuen
f1remaster (Hikari)                                                         ,Kydreith33                                                                  ,a     ,2453 2454          ,Round 4   ,2          ,Hykari              ,f1remaster (Hikari)
doh#5604                                                                    ,TRXXJEH                                                                     ,a     ,2584 2585 2586     ,Round 4   ,2          ,doh5604             ,doh#5604
deftbrixton                                                                 ,ChocoboJoe                                                                  ,b     ,2455 2456 2457     ,Round 4   ,2          ,realtimeglover      ,ChocoboJoe
busyboi                                                                     ,tub69                                                                       ,a     ,2458 2459          ,Round 4   ,2          ,busyboi             ,busyboi
chtx                                                                        ,nadiddhrabb                                                                 ,a     ,2460 2461 2462     ,Round 4   ,2          ,ccczzx              ,chtx
DanWhoDis                                                                   ,.aj2.0                                                                      ,b     ,2463 2464 2465     ,Round 4   ,2          ,drogasas            ,.aj2.0
Himura                                                                      ,cisconduct                                                                  ,a     ,2466 2467          ,Round 4   ,2          ,Himurabt            ,Himura
Salamaster                                                                  ,diegoin10                                                                   ,a     ,2468 2469 2470     ,Round 4   ,2          ,smollest brian      ,Salamaster
Eggman                                                                      ,S.k.magnet                                                                  ,b     ,act                ,Round 4   ,0          ,act                 ,act
zettsbro                                                                    ,etibamecus.                                                                 ,a     ,2471 2472 2473     ,Round 4   ,2          ,ur_gfs_next_bf      ,zettsbro
Mamakoko                                                                    ,wwwmonmon                                                                   ,b     ,2474 2475          ,Round 4   ,2          ,wwwmonmon           ,wwwmonmon
jerdgerd                                                                    ,kylemckell                                                                  ,a     ,2476 2477          ,Round 4   ,2          ,jerdgerd            ,jerdgerd
clinkbug                                                                    ,wiilink100                                                                  ,b     ,2478 2479          ,Round 4   ,2          ,wiilink100          ,wiilink100
Tiberiusfieri                                                               ,triiplemonstre                                                              ,a     ,2480 2481          ,Round 4   ,2          ,Salty Lame-o        ,Tiberiusfieri
@spreek                                                                     ,jankcity                                                                    ,a     ,2482 2483 2484     ,Round 4   ,2          ,Spreek              ,@spreek
kvistsivk                                                                   ,yallen                                                                      ,a     ,2485 2486 2487     ,Round 4   ,2          ,Kvist               ,kvistsivk
Grain_Jar                                                                   ,justbestlevels                                                              ,b     ,2488 2489          ,Round 4   ,2          ,jlev                ,justbestlevels
gogozeppeli1890 (rconquer)                                                  ,1captainmorgan                                                              ,a     ,2490 2491 2492     ,Round 4   ,2          ,go-go-zeppeli-1890  ,gogozeppeli1890 (rconquer)
billgatesalt_53189                                                          ,Dwightasaurus                                                               ,b     ,2634 2635          ,Round 4   ,2          ,antantantantant     ,Dwightasaurus
Redmoonie                                                                   ,durmain (slamonBbq)                                                         ,b     ,2493 2494 2495     ,Round 4   ,2          ,SlamonBBQ           ,durmain (slamonBbq)
TacCat                                                                      ,CheesiMoon                                                                  ,b     ,2496 2497 2498     ,Round 4   ,2          ,cheesimoon          ,CheesiMoon
Colby2D                                                                     ,marcelbruer                                                                 ,a     ,2087 2088          ,Round 4   ,2          ,Colby2D             ,Colby2D
comseal                                                                     ,greencatkid                                                                 ,b     ,2373 2374 2375     ,Round 4   ,2          ,GreenCatKid         ,greencatkid
air602                                                                      ,jotaentrena                                                                 ,a     ,2089 2090          ,Round 4   ,2          ,AirPan              ,air602
zxgzxg                                                                      ,.GeneralRevan                                                               ,b     ,2180 2181          ,Round 4   ,2          ,G3neralR3van        ,.GeneralRevan
Typlion                                                                     ,Beignet                                                                     ,b     ,2184 2185 2186     ,Round 4   ,2          ,beignet2            ,Beignet
bloomsmiles                                                                 ,Nicko8                                                                      ,b     ,act                ,Round 4   ,0          ,act                 ,act
mewunderscoretwo                                                            ,socialinclusion                                                             ,b     ,2099 2100          ,Round 4   ,2          ,social inclusion    ,socialinclusion
onewhorants                                                                 ,wolfturds                                                                   ,a     ,2376 2377          ,Round 4   ,2          ,OneWhoRants         ,onewhorants
style_purposes                                                              ,Sificon                                                                     ,a     ,2171 2172          ,Round 4   ,2          ,stypur              ,style_purposes
tree69420                                                                   ,Redrame                                                                     ,a     ,2165 2166          ,Round 4   ,2          ,Tree69420           ,tree69420
wavy_ish                                                                    ,skitz_money                                                                 ,a     ,act                ,Round 4   ,0          ,act                 ,act
ThunderousBagel                                                             ,LevysChair                                                                  ,a     ,2378 2379          ,Round 4   ,2          ,thunderousbagel     ,ThunderousBagel
darth0068                                                                   ,yuramas                                                                     ,b     ,2380 2381 2382     ,Round 4   ,2          ,yuramas             ,yuramas
Baptista                                                                    ,dylan69__                                                                   ,b     ,2524 2525 2526     ,Round 4   ,2          ,thedolla            ,dylan69__
millingwinds                                                                ,choicescarf002                                                              ,b     ,2182 2183          ,Round 4   ,2          ,naisuneicha         ,choicescarf002
shadowinger                                                                 ,xho_xho_                                                                    ,b     ,2103 2104          ,Round 4   ,2          ,xhoshi              ,xho_xho_
lemonlc                                                                     ,KeshBa45                                                                    ,a     ,2522 2523          ,Round 4   ,2          ,Lemon LC            ,lemonlc
Guebor                                                                      ,ShotoNC                                                                     ,a     ,2561 2562 2563 2564,Round 4   ,0          ,guebor              ,Guebor
ilikeeatingcrayons                                                          ,Don7331                                                                     ,b     ,2383 2384          ,Round 4   ,2          ,smokingrocks        ,Don7331
Rainer7849                                                                  ,Samnyg                                                                      ,a     ,act                ,Round 4   ,0          ,act                 ,act
dorugang                                                                    ,EatYourToastSon                                                             ,b     ,2101 2102          ,Round 4   ,2          ,EatYourToast        ,EatYourToastSon
Leeto64                                                                     ,Goose824                                                                    ,b     ,2568 2569          ,Round 4   ,2          ,BL0X                ,Goose824
_rekkzz_                                                                    ,swaggy001066                                                                ,a     ,2167 2168          ,Round 4   ,2          ,strictsceptile1     ,_rekkzz_
jensendale                                                                  ,mintyerb                                                                    ,b     ,2169 2170          ,Round 4   ,2          ,mint yerb           ,mintyerb
b1ur                                                                        ,Cyber-DJ                                                                    ,a     ,2385 2386          ,Round 4   ,2          ,b1urry              ,b1ur
tj_srevlis                                                                  ,squirtle_squadbig_squatto                                                   ,b     ,2387 2388          ,Round 4   ,2          ,Big_Squatto         ,squirtle_squadbig_squatto
Alargemongoose                                                              ,yd12k                                                                       ,a     ,2520 2521          ,Round 4   ,2          ,alargemongoose      ,Alargemongoose
Kenuckz                                                                     ,JCK_ionic                                                                   ,a     ,2173 2174          ,Round 4   ,2          ,donk27              ,Kenuckz
samjamslam                                                                  ,tahat_t                                                                     ,a     ,act                ,Round 4   ,0          ,act                 ,act
bohrier                                                                     ,kalarse                                                                     ,a     ,2389 2390 2391     ,Round 4   ,2          ,RetiredBohrier      ,bohrier
Calm Stiege                                                                 ,saltocorto                                                                  ,b     ,2091 2092 2093     ,Round 4   ,2          ,salto               ,saltocorto
Blanched                                                                    ,Hypermoth                                                                   ,a     ,2094 2095          ,Round 4   ,2          ,blanched            ,Blanched
blunderpolicy                                                               ,I am the Jarl                                                               ,a     ,act                ,Round 4   ,0          ,act                 ,act
Forte_French                                                                ,James67                                                                     ,a     ,2392 2393          ,Round 4   ,2          ,HeyYa!_Forte        ,Forte_French
moistmania                                                                  ,Attazer                                                                     ,a     ,2394 2395          ,Round 4   ,2          ,moistmania          ,moistmania
incognidoqueen                                                              ,diegoyuhhi                                                                  ,a     ,2396 2397 2398     ,Round 4   ,2          ,incognidoqueen      ,incognidoqueen
Sorenkazer                                                                  ,elmagneto                                                                   ,b     ,2399 2400          ,Round 4   ,2          ,AutumnWailord       ,elmagneto
mmtimmo                                                                     ,.turkeyleg                                                                  ,a     ,2105 2106 2107     ,Round 4   ,2          ,Mister Tim          ,mmtimmo
anashensoul                                                                 ,SgtPingwen                                                                  ,a     ,2401 2402          ,Round 4   ,2          ,AnotherAshenSoul    ,anashensoul
sapphire918                                                                 ,@xlimexheep                                                                 ,a     ,2096 2097 2098     ,Round 4   ,2          ,alphasapphire918    ,sapphire918
sligoblues                                                                  ,Derde                                                                       ,a     ,2403 2404 2405     ,Round 4   ,2          ,blavand             ,sligoblues
witgiz                                                                      ,saiyanpride.                                                                ,a     ,2565 2566 2567     ,Round 4   ,2          ,witgiz              ,witgiz
nemesis_deno                                                                ,FaceOFF                                                                     ,b     ,2406 2407          ,Round 4   ,2          ,westcubes0          ,FaceOFF
s_2_w                                                                       ,draccus_comun                                                               ,a     ,2408 2409 2410     ,Round 4   ,2          ,Genexys             ,s_2_w
Altina                                                                      ,ChetManley                                                                  ,A     ,2108 2109          ,Round 4   ,2          ,Altina              ,Altina
Zerkas                                                                      ,dabebri                                                                     ,a     ,act                ,Round 4   ,0          ,act                 ,act
Texas Cloverleaf                                                            ,theepiccd56                                                                 ,b     ,2630 2631          ,Round 4   ,2          ,cd56                ,theepiccd56
Futtoka                                                                     ,zoyotte                                                                     ,b     ,act                ,Round 4   ,0          ,act                 ,act
Mackenzie                                                                   ,Pressle54                                                                   ,A     ,2527 2528          ,Round 4   ,2          ,mkizzy              ,Mackenzie
Roy Yamaha                                                                  ,martconqueso                                                                ,A     ,2529 2636          ,Round 4   ,2          ,yellow yamada       ,Roy Yamaha
Oathkeeper                                                                  ,olliertlol                                                                  ,b     ,2632 2633          ,Round 4   ,2          ,Olliert             ,olliertlol
Smallow                                                                     ,Goodnightloulou                                                             ,b     ,act                ,Round 4   ,0          ,act                 ,act
Buzzed                                                                      ,scurrying_snail                                                             ,A     ,2124 2125          ,Round 4   ,2          ,Buzzed27            ,Buzzed
Zcarlett                                                                    ,Pulcsii                                                                     ,a     ,act                ,Round 4   ,0          ,act                 ,act
TechSavage                                                                  ,.alig.                                                                      ,b     ,2558 2559 2560     ,Round 4   ,2          ,ali.gnome           ,.alig.
Alecss                                                                      ,sharkhammer                                                                 ,A     ,2110 2111 2112     ,Round 4   ,2          ,Alecss              ,Alecss
Cryolite                                                                    ,mafx                                                                        ,A     ,2126 2127          ,Round 4   ,2          ,cryolite            ,Cryolite
Hinkage                                                                     ,LoDart210                                                                   ,a     ,2531 2532          ,Round 4   ,2          ,WalterFartwelWhite  ,Hinkage
DastardlyDwarf                                                              ,MoxieKrok                                                                   ,b     ,act                ,Round 4   ,0          ,act                 ,act
janis105                                                                    ,Axselo                                                                      ,b     ,2533 2534          ,Round 4   ,2          ,Axselo              ,Axselo
hipimochi                                                                   ,nihiliros                                                                   ,A     ,2128 2129 2130     ,Round 4   ,2          ,hipimochi           ,hipimochi
Dray_jd                                                                     ,Microsoft_J                                                                 ,B     ,2535 2536          ,Round 4   ,2          ,msoft_j             ,Microsoft_J
avongarde_ult                                                               ,msousa                                                                      ,B     ,act                ,Round 4   ,0          ,act                 ,act
YlisseanStarlight                                                           ,myrox123                                                                    ,a     ,act                ,Round 4   ,0          ,act                 ,act
Vholtninja                                                                  ,prestonv                                                                    ,A     ,2537 2538 2539     ,Round 4   ,2          ,Vholtninja          ,Vholtninja
ViciousCricket                                                              ,UnzipsCrogre                                                                ,B     ,2113 2114          ,Round 4   ,2          ,unzipscrogre        ,UnzipsCrogre
roofb                                                                       ,tanao                                                                       ,b     ,act                ,Round 4   ,0          ,act                 ,act
Mulikki123                                                                  ,realfredrickDOUGLASS                                                        ,a     ,act                ,Round 4   ,0          ,act                 ,act
xamvius                                                                     ,Ale8150                                                                     ,A     ,act                ,Round 4   ,0          ,act                 ,act
gambling.goddess                                                            ,ponzuuu                                                                     ,a     ,act                ,Round 4   ,0          ,act                 ,act
luca                                                                        ,HunarPG                                                                     ,B     ,2540 2541 2542     ,Round 4   ,2          ,HunarPG             ,HunarPG
etymon_                                                                     ,Witchgender                                                                 ,B     ,2556 2557          ,Round 4   ,2          ,Witchgender         ,Witchgender
steffmoney                                                                  ,heroin4sale                                                                 ,a     ,2543 2544          ,Round 4   ,2          ,steffmula           ,steffmoney
Yatagarasuwu                                                                ,solars_power                                                                ,A     ,2115 2116 2117     ,Round 4   ,2          ,Yatagarasuwu        ,Yatagarasuwu
Jibca                                                                       ,countsligo                                                                  ,B     ,2131 2132 2133     ,Round 4   ,2          ,Count Sliggoo II    ,countsligo
Musical_box                                                                 ,.germ_                                                                      ,b     ,act                ,Round 4   ,0          ,act                 ,act
dfr2248                                                                     ,chrisdrums19                                                                ,B     ,act                ,Round 4   ,0          ,act                 ,act
epiclyepicgamer                                                             ,bdicap                                                                      ,A     ,2545 2546 2547     ,Round 4   ,2          ,EpiclyEpicGamerW    ,epiclyepicgamer
themightyq99                                                                ,green.9082                                                                  ,b     ,2548 2549          ,Round 4   ,2          ,green.9082          ,green.9082
Kenmarijuana                                                                ,hypebeasthegel                                                              ,a     ,2550 2551 2552     ,Round 4   ,2          ,Kenma likes males   ,Kenmarijuana
treyprime                                                                   ,triskeriaki                                                                 ,b     ,2627 2628 2629     ,Round 4   ,2          ,triskeriaki         ,triskeriaki
danielsemmson                                                               ,Nuskadamo                                                                   ,a     ,act                ,Round 4   ,0          ,act                 ,act
UsernameABCD                                                                ,firecracker1195                                                             ,a     ,act                ,Round 4   ,0          ,act                 ,act
testemunha2622                                                              ,Greyaz                                                                      ,b     ,2118 2119 2120     ,Round 4   ,2          ,Greyaz              ,Greyaz
DeathbyDunsparce                                                            ,grillking                                                                   ,a     ,2134 2135 2136     ,Round 4   ,2          ,deathbydunsparce    ,DeathbyDunsparce
FISH (gypsytea)                                                             ,ebitachy                                                                    ,B     ,2121 2122 2123     ,Round 4   ,2          ,ebitachy            ,ebitachy
pat2678                                                                     ,scrapmetal56                                                                ,b     ,act                ,Round 4   ,0          ,act                 ,act
Latlat1                                                                     ,tommy4830                                                                   ,a     ,2553 2554 2555     ,Round 4   ,2          ,latlat1             ,Latlat1
poosh_i                                                                     ,CoffeePour                                                                  ,A     ,2800 2801 2802     ,Round 4   ,2          ,1P1o1s1h1e1         ,poosh_i
Kenava                                                                      ,Chris2324                                                                   ,A     ,2803 2804 2805     ,Round 4   ,2          ,Kenava              ,Kenava
thegreatest23                                                               ,Albatross115                                                                ,A     ,2806 2807 2808     ,Round 4   ,2          ,chiefbeef1234       ,thegreatest23
Forest4269                                                                  ,kinou_pkm                                                                   ,B     ,2809 2810          ,Round 4   ,2          ,KTheMathematician   ,kinou_pkm
voidvolta                                                                   ,Graham (graaahaaam)                                                         ,B     ,act                ,Round 4   ,0          ,act                 ,act
imcob                                                                       ,JoJ                                                                         ,B     ,2811 2812 2813     ,Round 4   ,2          ,JoJ707              ,JoJ
pinjarrapanther                                                             ,chad.lagos                                                                  ,A     ,2814 2815          ,Round 4   ,2          ,PinjarraPanther     ,pinjarrapanther
ReavenFTW                                                                   ,Wifike                                                                      ,A     ,act                ,Round 4   ,0          ,act                 ,act
4lowray                                                                     ,madelinmorningstar                                                          ,B     ,2816 2817 2818     ,Round 4   ,2          ,MadelinMorningStar  ,madelinmorningstar
biluv_v                                                                     ,theamazingeevee                                                             ,A     ,2819 2820          ,Round 4   ,2          ,B.B.H00D            ,biluv_v
ultraemeraldman_16197                                                       ,yadyaksh                                                                    ,A     ,act                ,Round 4   ,0          ,act                 ,act
larkindred                                                                  ,HakkihanTunbak (I recently joined the discord)                              ,A     ,2821 2822 2823     ,Round 4   ,2          ,Larkindred          ,larkindred
zy___                                                                       ,almbkn                                                                      ,B     ,2824 2825          ,Round 4   ,2          ,DimmyJean           ,almbkn
Tyxerns                                                                     ,warupeach                                                                   ,A     ,2826 2827 2828     ,Round 4   ,2          ,tyxerns             ,Tyxerns
temraneee                                                                   ,Loneling                                                                    ,B     ,2829 2830          ,Round 4   ,2          ,Loneling            ,Loneling
wyli.olivete                                                                ,caps lock 3009                                                              ,A     ,2831 2832 2833     ,Round 4   ,2          ,azepto              ,wyli.olivete
Dig Boshi                                                                   ,2coinsglued                                                                 ,a     ,act                ,Round 4   ,0          ,act                 ,act
Bedal.r                                                                     ,starii88                                                                    ,B     ,act                ,Round 4   ,0          ,act                 ,act
thefattestofyoshis                                                          ,Moneybaggslowbro                                                            ,B     ,2834 2835          ,Round 4   ,2          ,freeysl321          ,Moneybaggslowbro
luukthegamer                                                                ,tibetanator                                                                 ,B     ,2836 2837          ,Round 4   ,2          ,SaunkGod            ,tibetanator
erfder (old style Erfder#3147)                                              ,Tefo                                                                        ,B     ,2838 2839 2840     ,Round 4   ,2          ,TefoShark           ,Tefo
doc.steel                                                                   ,deckline                                                                    ,a     ,act                ,Round 4   ,0          ,act                 ,act
koentjelub                                                                  ,wombatbaby                                                                  ,A     ,2841 2842 2843     ,Round 4   ,2          ,Koentjelub          ,koentjelub
peacemaker040                                                               ,Aahaahaah                                                                   ,B     ,2844 2845          ,Round 4   ,2          ,aahaahaah           ,Aahaahaah
Master_Penguini                                                             ,swope                                                                       ,B     ,2846 2847 2848     ,Round 4   ,2          ,swope               ,swope
ilovemygrandma444                                                           ,cow3492                                                                     ,B     ,2849 2850 2851     ,Round 4   ,2          ,cow xi              ,cow3492
vy_apostrophe                                                               ,krungus_01138                                                               ,A     ,2852 2853 2854     ,Round 4   ,2          ,VyoletRayn          ,vy_apostrophe
sdj                                                                         ,YamHam                                                                      ,A     ,2855 2856 2857     ,Round 4   ,2          ,Scansafatiche       ,sdj
bigjon.                                                                     ,Somnanana                                                                   ,A     ,2858 2859          ,Round 4   ,2          ,lunarvania          ,bigjon.
@geosesarma                                                                 ,perogee                                                                     ,A     ,2860 2861 2862     ,Round 4   ,2          ,AverageWalrus       ,@geosesarma
bruh504                                                                     ,doomlsinger                                                                 ,A     ,act                ,Round 4   ,0          ,act                 ,act
Print Screen                                                                ,CodeRedSP                                                                   ,A     ,2863 2864 2865     ,Round 4   ,2          ,RoomTemperatureIVs  ,Print Screen
fuckboylenny                                                                ,Slimsinatra93                                                               ,A     ,act                ,Round 4   ,0          ,act                 ,act
v1ctor23                                                                    ,Melee Minion                                                                ,B     ,2866 2867          ,Round 4   ,2          ,Melee Minion        ,Melee Minion
zioplys                                                                     ,charku                                                                      ,B     ,2868 2869          ,Round 4   ,2          ,charku              ,charku
fayestra                                                                    ,xerospacious                                                                ,A     ,2870 2871          ,Round 4   ,2          ,fayestra            ,fayestra
funhouse3                                                                   ,Spedonic                                                                    ,A     ,act                ,Round 4   ,0          ,act                 ,act
ManiacalDolphin                                                             ,legoerofeggos                                                               ,A     ,2872 2873 2874     ,Round 4   ,2          ,ManiacalDolphin     ,ManiacalDolphin
michaelmeets                                                                ,Coco / Yuii                                                                 ,B     ,act                ,Round 4   ,0          ,act                 ,act
DonlyPhans                                                                  ,coutt                                                                       ,A     ,2875 2876 2877     ,Round 4   ,2          ,Donly Phans         ,DonlyPhans
Polt99                                                                      ,berkyderky                                                                  ,A     ,2878 2879          ,Round 4   ,2          ,p0lt                ,Polt99
Jsockamisama                                                                ,kewta                                                                       ,B     ,2880 2881 2882     ,Round 4   ,2          ,kewta               ,kewta
Repiloid                                                                    ,JxJ                                                                         ,b     ,act                ,Round 4   ,0          ,act                 ,act
halbertsimpson                                                              ,Lawrencelot                                                                 ,A     ,2883 2884 2885     ,Round 4   ,2          ,Halbert Simpson     ,halbertsimpson
Stao                                                                        ,Genofool                                                                    ,b     ,act                ,Round 4   ,0          ,act                 ,act
aldrichunfaithful                                                           ,big_jerry                                                                   ,a     ,2187 2188 2189     ,Round 4   ,2          ,aldrich_unfaithful  ,aldrichunfaithful
plznostep                                                                   ,@struggles_under_pressure                                                   ,b     ,act                ,Round 4   ,0          ,act                 ,act
rajime.                                                                     ,cremozar#6029                                                               ,b     ,2255 2256          ,Round 4   ,2          ,cremozar            ,cremozar#6029
sprasle                                                                     ,goldthe1andonly                                                             ,b     ,2190 2191          ,Round 4   ,2          ,GoldThe1andOnly     ,goldthe1andonly
felipe01788_                                                                ,isaiahterveen                                                               ,b     ,2192 2193 2194     ,Round 4   ,2          ,MeatballSpaghetti   ,isaiahterveen
Pabby_1805                                                                  ,lucyisafish                                                                 ,b     ,2208 2209 2210     ,Round 4   ,2          ,lucyisafish         ,lucyisafish
Zacynthius02                                                                ,mcgowin (ID: lgv#9084)                                                      ,a     ,2211 2212 2213     ,Round 4   ,2          ,zacynthius          ,Zacynthius02
javiercar#9743                                                              ,irrelevantone                                                               ,b     ,2198 2199          ,Round 4   ,2          ,adv pride           ,irrelevantone
Frutiepie                                                                   ,Fierros47                                                                   ,b     ,2214 2215          ,Round 4   ,2          ,stinkyaccountant    ,Fierros47
MCJD931                                                                     ,SentientSanchez                                                             ,b     ,2615 2616          ,Round 4   ,2          ,CharBoy3000         ,SentientSanchez
allmovingshadows                                                            ,liamworldpeace                                                              ,a     ,2617 2618 2619     ,Round 4   ,2          ,allmovingshadows    ,allmovingshadows
Basharapplejuice                                                            ,CraterLake                                                                  ,a     ,act                ,Round 4   ,0          ,act                 ,act
Rebatca                                                                     ,SpeccyGames                                                                 ,a     ,2620 2621 2622     ,Round 4   ,2          ,Rebatca             ,Rebatca
walterbite                                                                  ,pLzzazz                                                                     ,b     ,2216 2217 2218     ,Round 4   ,2          ,plzzazz             ,pLzzazz
hansenator.                                                                 ,rizzarroflame                                                               ,b     ,2219 2220          ,Round 4   ,2          ,Rizzarro Flame      ,rizzarroflame
Vassimobin                                                                  ,litterofbiscuits                                                            ,a     ,2623 2624          ,Round 4   ,2          ,mobjamin            ,Vassimobin
Rezzo                                                                       ,bobjoecarl                                                                  ,a     ,2221 2222 2223     ,Round 4   ,2          ,rezzo64             ,Rezzo
lucida                                                                      ,hangerguardian                                                              ,a     ,act                ,Round 4   ,0          ,act                 ,act
dinkdank_                                                                   ,jpmockman                                                                   ,a     ,2224 2225 2226     ,Round 4   ,2          ,bigmamasnorlax      ,dinkdank_
inkyno1                                                                     ,Ktools#9665                                                                 ,b     ,2227 2228          ,Round 4   ,2          ,Ktools              ,Ktools#9665
TheTwo                                                                      ,WraxiusGaming                                                               ,b     ,2229 2230          ,Round 4   ,2          ,WraxiusGaming       ,WraxiusGaming
@aevitostrath or Timehacker Aevitos                                         ,the_app                                                                     ,b     ,2231 2232          ,Round 4   ,2          ,The_App15           ,the_app
KingWafl                                                                    ,"rbvengeance (Nicknamed RBV in the server, you can use this as a shorthand)",a     ,2233 2234 2235     ,Round 4   ,2          ,KingWafl            ,KingWafl
nick_parenti                                                                ,elysyr                                                                      ,b     ,2625 2626          ,Round 4   ,2          ,Elisy               ,elysyr
catholicguilttrip                                                           ,resen                                                                       ,b     ,2236 2237          ,Round 4   ,2          ,resen65             ,resen
Mimien97                                                                    ,aquaa                                                                       ,a     ,2238 2239 2240     ,Round 4   ,2          ,less19chara         ,Mimien97
Lhions                                                                      ,Daeronchick                                                                 ,a     ,act                ,Round 4   ,0          ,act                 ,act
frogsella                                                                   ,kebinsan                                                                    ,a     ,2241 2242          ,Round 4   ,2          ,Big Nut Bill        ,frogsella
Melninja                                                                    ,Luca Dylan                                                                  ,a     ,act                ,Round 4   ,0          ,act                 ,act
scootymcbooty123                                                            ,kinglazi                                                                    ,a     ,act                ,Round 4   ,0          ,act                 ,act
girlevader                                                                  ,bugthatlovesfish                                                            ,b     ,act                ,Round 4   ,0          ,act                 ,act
sensei_moon                                                                 ,moggie776                                                                   ,b     ,2243 2244          ,Round 4   ,2          ,Ramsus776           ,moggie776
tamafuyu                                                                    ,allance05                                                                   ,a     ,2245 2246          ,Round 4   ,2          ,tamafuyu            ,tamafuyu
terradayy                                                                   ,papajefe                                                                    ,a     ,2247 2248 2249     ,Round 4   ,2          ,valiantbattlerextr  ,terradayy
iwasmoth                                                                    ,valyns                                                                      ,a     ,2257 2258          ,Round 4   ,2          ,MasquerainGaming    ,iwasmoth
lindonh                                                                     ,dragonlord6954                                                              ,b     ,act                ,Round 4   ,0          ,act                 ,act
truelawbringer                                                              ,lemon04                                                                     ,b     ,2250 2251          ,Round 4   ,2          ,lemoncholy          ,lemon04
jew9318                                                                     ,Nunleft                                                                     ,a     ,2252 2253 2254     ,Round 4   ,2          ,euph0riADV          ,jew9318
dimiswooner                                                                 ,Josito                                                                      ,a     ,act                ,Round 4   ,0          ,act                 ,act
.lucky_7.                                                                   ,itsaregionaldialect                                                         ,a     ,act                ,Round 4   ,0          ,act                 ,act
Antinomy                                                                    ,Drby                                                                        ,b     ,act                ,Round 4   ,0          ,act                 ,act
hachimaki.                                                                  ,GSC_Lover_Boy                                                               ,b     ,act                ,Round 4   ,0          ,act                 ,act
Seradess                                                                    ,strawbbz                                                                    ,b     ,act                ,Round 5   ,0          ,act                 ,act
Fakes                                                                       ,Ho_Chi                                                                      ,A     ,3002 3003          ,Round 5   ,2          ,Fakes               ,Fakes
Triangles                                                                   ,depressioncherry_66209                                                      ,B     ,3004 3005          ,Round 5   ,2          ,Depres_ionCher_y    ,depressioncherry_66209
Fear                                                                        ,_uka                                                                        ,A     ,3006 3007          ,Round 5   ,2          ,Fear                ,Fear
jumpy23                                                                     ,Sophocles                                                                   ,A     ,3008 3009          ,Round 5   ,2          ,I'm the Dome Ace    ,jumpy23
Kollin                                                                      ,Saint-ome                                                                   ,A     ,3010 3011 3012     ,Round 5   ,2          ,Kollin7             ,Kollin
River                                                                       ,annuit99                                                                    ,B     ,3013 3014 3015     ,Round 5   ,2          ,RedCrimp            ,annuit99
Carapinga                                                                   ,cepulo                                                                      ,B     ,3016 3017 3018     ,Round 5   ,2          ,Sepulo              ,cepulo
Mielke                                                                      ,fastandsleepy                                                               ,A     ,3019 3020          ,Round 5   ,2          ,3 blades            ,Mielke
Pokology                                                                    ,denizs8                                                                     ,A     ,3021 3022 3023     ,Round 5   ,2          ,pokology2           ,Pokology
laxuy                                                                       ,monchooo                                                                    ,B     ,3024 3025          ,Round 5   ,2          ,monchooo            ,monchooo
JR                                                                          ,secondari                                                                   ,A     ,3203 3204 3205     ,Round 5   ,2          ,ojr                 ,JR
Sheik                                                                       ,tyler.cox                                                                   ,A     ,3026 3027          ,Round 5   ,2          ,Sheik               ,Sheik
48                                                                          ,dicerat8                                                                    ,B     ,3206 3207 3208     ,Round 5   ,2          ,dicerat8            ,dicerat8
Johnald                                                                     ,Ghostmalone.                                                                ,A     ,3028 3029          ,Round 5   ,2          ,Ooziegib            ,Johnald
ThisGuyMuks                                                                 ,oskari1707                                                                  ,B     ,3030 3031 3032     ,Round 5   ,2          ,Oskari SOSA         ,oskari1707
DeezCastforms                                                               ,Amir (lordamir & lordamir2)                                                 ,B     ,3209 3210 3211     ,Round 5   ,2          ,Amir                ,Amir (lordamir & lordamir2)
Zelph                                                                       ,luisin                                                                      ,A     ,3033 3034 3035     ,Round 5   ,2          ,EG Zelph            ,Zelph
Kai (aplgd)                                                                 ,Cake                                                                        ,B     ,3212 3213 3214     ,Round 5   ,2          ,Cakeconnesseur      ,Cake
MeEsSm                                                                      ,Egor                                                                        ,B     ,3036 3037          ,Round 5   ,2          ,Eg0r                ,Egor
shawtyyyyyyy                                                                ,Churi                                                                       ,B     ,3215 3216          ,Round 5   ,2          ,Churielix           ,Churi
Alice                                                                       ,xXEricXx                                                                    ,A     ,3038 3039          ,Round 5   ,2          ,ALlCE               ,Alice
pkLeech                                                                     ,Ghostfall22                                                                 ,A     ,3217 3218 3219     ,Round 5   ,2          ,pkLeech             ,pkLeech
Caloom                                                                      ,milkshook00                                                                 ,b     ,act                ,Round 5   ,0          ,act                 ,act
Cyberodin                                                                   ,ThunderousBagel                                                             ,a     ,3247 3248          ,Round 5   ,2          ,cyberodin           ,Cyberodin
Blues                                                                       ,med470                                                                      ,A     ,3040 3041          ,Round 5   ,2          ,bluesenergy00       ,Blues
Pak                                                                         ,woeishuen                                                                   ,A     ,3042 3043          ,Round 5   ,2          ,Pak                 ,Pak
Voyager                                                                     ,justbestlevels                                                              ,B     ,3044 3045          ,Round 5   ,2          ,jlev                ,justbestlevels
void                                                                        ,samjamslam                                                                  ,B     ,3046 3047          ,Round 5   ,2          ,LilBigBamSam        ,samjamslam
Mayo                                                                        ,.brever.                                                                    ,A     ,3048 3049          ,Round 5   ,2          ,blyargh             ,Mayo
Adam                                                                        ,ccgeek_                                                                     ,A     ,3220 3221          ,Round 5   ,2          ,AC77                ,Adam
Big Will                                                                    ,sheikhater                                                                  ,A     ,3050 3051          ,Round 5   ,2          ,big will 2024       ,Big Will
keepingiticy                                                                ,air602                                                                      ,A     ,3052 3053          ,Round 5   ,2          ,keeping it icy      ,keepingiticy
Typhoon Carter                                                              ,lengloi                                                                     ,A     ,3054 3055 3056     ,Round 5   ,2          ,TyCarter            ,Typhoon Carter
eliandiditagain                                                             ,chtx                                                                        ,A     ,3057 3058          ,Round 5   ,2          ,Elian               ,eliandiditagain
D3stiny                                                                     ,xho_xho_                                                                    ,b     ,act                ,Round 5   ,0          ,act                 ,act
Zacpz                                                                       ,Scrigman                                                                    ,A     ,3059 3060          ,Round 5   ,2          ,zacpz               ,Zacpz
Segale                                                                      ,busyboi                                                                     ,A     ,3061 3062          ,Round 5   ,2          ,Segale              ,Segale
Colteor                                                                     ,SoCalSon                                                                    ,A     ,3063 3064          ,Round 5   ,2          ,Colteor             ,Colteor
earlgr3y                                                                    ,_rekkzz_                                                                    ,A     ,3065 3066          ,Round 5   ,2          ,earl gr3y           ,earlgr3y
Celdanami                                                                   ,mintyerb                                                                    ,A     ,3067 3068          ,Round 5   ,2          ,celdanami           ,Celdanami
Christos                                                                    ,Beignet                                                                     ,A     ,3069 3070          ,Round 5   ,2          ,Christos            ,Christos
Dridri457                                                                   ,@spreek                                                                     ,B     ,2686 2687          ,Round 5   ,2          ,Spreek              ,@spreek
Figull400                                                                   ,Fantasmal_.                                                                 ,A     ,3092 3093          ,Round 5   ,2          ,Figull400           ,Figull400
Don Tonionie                                                                ,no8ull                                                                      ,A     ,2750 2751          ,Round 5   ,2          ,themessiah1         ,Don Tonionie
Bhol                                                                        ,flareliger                                                                  ,A     ,2683 2684 2685     ,Round 5   ,2          ,Bhol                ,Bhol
xTina                                                                       ,zettsbro                                                                    ,A     ,2978 2979          ,Round 5   ,2          ,xtina xendrix       ,xTina
Evakiyama                                                                   ,Dwightasaurus                                                               ,B     ,2688 2689          ,Round 5   ,2          ,antantantantant     ,Dwightasaurus
Vayun                                                                       ,adv_fella                                                                   ,b     ,act                ,Round 5   ,0          ,act                 ,act
kingofironfrisk                                                             ,rovels                                                                      ,A     ,2737 2738          ,Round 5   ,2          ,kingofironfrisk     ,kingofironfrisk
OopsAllDeoxys                                                               ,kvistsivk                                                                   ,A     ,2980 2981 2982     ,Round 5   ,2          ,oopsalldeoxys       ,OopsAllDeoxys
Exiline                                                                     ,jerdgerd                                                                    ,a     ,act                ,Round 5   ,0          ,act                 ,act
Zpanther                                                                    ,b1ur                                                                        ,a     ,3110 3111 3112     ,Round 5   ,2          ,Zpanther            ,Zpanther
Nicole                                                                      ,Forte_French                                                                ,A     ,2983 2984          ,Round 5   ,2          ,nicole7735          ,Nicole
Rambode                                                                     ,sapphire918                                                                 ,A     ,2690 2691          ,Round 5   ,2          ,Rambode             ,Rambode
xGangg                                                                      ,danielck9797                                                                ,A     ,2739 2740          ,Round 5   ,2          ,xGangg              ,xGangg
H>L                                                                         ,GreenCity                                                                   ,a     ,act                ,Round 5   ,0          ,act                 ,act
Marshy                                                                      ,dragonsareoptimal                                                           ,B     ,2988 2989 2990     ,Round 5   ,2          ,Nardgo              ,dragonsareoptimal
OOF_MAXIMA                                                                  ,ChocoboJoe                                                                  ,A     ,2692 2693          ,Round 5   ,2          ,OOF_MAXIMA          ,OOF_MAXIMA
Incognition                                                                 ,Tiberiusfieri                                                               ,A     ,2694 2695 2696     ,Round 5   ,2          ,Incognition         ,Incognition
Tempokin                                                                    ,Simonf                                                                      ,a     ,2515 2516          ,Round 5   ,2          ,tempokin            ,Tempokin
King Raska                                                                  ,Blanched                                                                    ,b     ,3154 3155 3156     ,Round 5   ,2          ,blanched            ,Blanched
qsns                                                                        ,onewhorants                                                                 ,A     ,2991 2992 2993     ,Round 5   ,2          ,qsns                ,qsns
Cyberas                                                                     ,poots6476                                                                   ,a     ,3135 3136          ,Round 5   ,2          ,cyberas             ,Cyberas
Mantis                                                                      ,EatYourToastSon                                                             ,a     ,3097 3098          ,Round 5   ,2          ,RodentCollector     ,Mantis
Younglemonhope                                                              ,dadaasdcfaw                                                                 ,B     ,2741 2742 2743     ,Round 5   ,2          ,dadaasdcfaw         ,dadaasdcfaw
Shadowtime2000                                                              ,wavy_ish                                                                    ,b     ,act                ,Round 5   ,0          ,act                 ,act
ratdogreborn                                                                ,f1remaster (Hikari)                                                         ,b     ,2697 2698          ,Round 5   ,2          ,Hykari              ,f1remaster (Hikari)
Otto                                                                        ,tehpenguinofdoom                                                            ,A     ,2517 2518 2519     ,Round 5   ,2          ,kaboom64            ,Otto
Dancing Along/Abreaction                                                    ,The_Badger1230                                                              ,A     ,2744 2745 2746     ,Round 5   ,2          ,DancingAlong        ,Dancing Along/Abreaction
Just_Leo                                                                    ,socialinclusion                                                             ,b     ,3099 3101 3102     ,Round 5   ,2          ,social inclusion    ,socialinclusion
Zinc                                                                        ,lexi.pup                                                                    ,B     ,2994 2995 2996     ,Round 5   ,2          ,lexitg              ,lexi.pup
Jabba                                                                       ,sbmalus                                                                     ,B     ,2699 2700 2701     ,Round 5   ,2          ,SBMalus             ,sbmalus
knexhawk                                                                    ,squirtle_squadbig_squatto                                                   ,a     ,3227 3228 3229     ,Round 5   ,2          ,knexhawk2           ,knexhawk
bd31                                                                        ,thedarvinist                                                                ,a     ,3094 3095 3096     ,Round 5   ,2          ,BlazingDark         ,bd31
.verb                                                                       ,mmtimmo                                                                     ,B     ,2510 2511 2512     ,Round 5   ,2          ,Mister Tim          ,mmtimmo
Skarpherim                                                                  ,yuramas                                                                     ,A     ,2513 2514          ,Round 5   ,2          ,Skarph☾eRiM         ,Skarpherim
Yoink 0                                                                     ,Nicko8                                                                      ,b     ,3103 3104          ,Round 5   ,2          ,E585                ,Nicko8
style_purposes                                                              ,Agustin Palacios                                                            ,B     ,2747 2748 2749     ,Round 5   ,2          ,Blaniom             ,Agustin Palacios
Papa Escargo                                                                ,executive_assistant                                                         ,A     ,2997 2998 2999     ,Round 5   ,2          ,crab person         ,Papa Escargo
gstrem_                                                                     ,sieefffmon                                                                  ,B     ,act                ,Round 5   ,0          ,act                 ,act
Goose824                                                                    ,dhgss                                                                       ,b     ,act                ,Round 5   ,0          ,act                 ,act
clarissen                                                                   ,gogozeppeli1890 (rconquer)                                                  ,b     ,act                ,Round 5   ,0          ,act                 ,act
tonii5531                                                                   ,moistmania                                                                  ,A     ,2648 2649          ,Round 5   ,2          ,Jnho                ,tonii5531
wwwmonmon                                                                   ,Alargemongoose                                                              ,B     ,2710 2711 2712     ,Round 5   ,2          ,alargemongoose      ,Alargemongoose
jd_orph                                                                     ,Tefo                                                                        ,A     ,2639 2640          ,Round 5   ,2          ,GShed               ,jd_orph
datguycactus                                                                ,dylan69__                                                                   ,b     ,act                ,Round 5   ,0          ,act                 ,act
venomshoc                                                                   ,Don7331                                                                     ,A     ,2702 2703          ,Round 5   ,2          ,VZR                 ,venomshoc
wiilink100                                                                  ,Rainer7849                                                                  ,B     ,2644 2645          ,Round 5   ,2          ,Rainer2424          ,Rainer7849
iNeedJuuce                                                                  ,s_2_w                                                                       ,B     ,3071 3072          ,Round 5   ,2          ,Genexys             ,s_2_w
sligoblues                                                                  ,jozin457                                                                    ,A     ,3078 3079          ,Round 5   ,2          ,blavand             ,sligoblues
ghostreported                                                               ,incognidoqueen                                                              ,a     ,3260 3261          ,Round 5   ,2          ,Organic Oranges     ,ghostreported
lemonlc                                                                     ,emerald_harrold                                                             ,B     ,3000 3001          ,Round 5   ,2          ,Emerald_Harrold     ,emerald_harrold
stolenpaper                                                                 ,blunderpolicy                                                               ,B     ,2706 2707          ,Round 5   ,2          ,blundergoth         ,blunderpolicy
egocheck                                                                    ,CheesiMoon                                                                  ,B     ,2894 2895 2896     ,Round 5   ,2          ,cheesimoon          ,CheesiMoon
Kenuckz                                                                     ,.aj2.0                                                                      ,A     ,3073 3074 3075     ,Round 5   ,2          ,donk27              ,Kenuckz
Salamaster                                                                  ,gorbinator.                                                                 ,B     ,2752 2753          ,Round 5   ,2          ,TheLargestLad       ,gorbinator.
S.k.magnet                                                                  ,gonzasaurio50                                                               ,B     ,2681 2682          ,Round 5   ,2          ,Gonzasaurio 50      ,gonzasaurio50
Svejk97                                                                     ,.GeneralRevan                                                               ,B     ,2655 2656          ,Round 5   ,2          ,G3neralR3van        ,.GeneralRevan
greencatkid                                                                 ,thestonewallsmith                                                           ,A     ,2646 2647          ,Round 5   ,2          ,GreenCatKid         ,greencatkid
pac_rojo                                                                    ,Himura                                                                      ,A     ,2637 2638          ,Round 5   ,2          ,CazabichosPablo     ,pac_rojo
Stockings                                                                   ,bohrier                                                                     ,A     ,2734 2735 2736     ,Round 5   ,2          ,Stockings           ,Stockings
FaceOFF                                                                     ,anashensoul                                                                 ,A     ,act                ,Round 5   ,0          ,act                 ,act
TRXXJEH                                                                     ,choicescarf002                                                              ,B     ,2754 2755          ,Round 5   ,2          ,naisuneicha         ,choicescarf002
heyitsmeriley                                                               ,tree69420                                                                   ,A     ,2704 2705          ,Round 5   ,2          ,hey its me riley    ,heyitsmeriley
Lunasran                                                                    ,Cream314                                                                    ,A     ,3080 3081 3082     ,Round 5   ,2          ,lunasran            ,Lunasran
jthompson9021                                                               ,saltocorto                                                                  ,B     ,2650 2651 2652     ,Round 5   ,2          ,salto               ,saltocorto
jaden_17522                                                                 ,Colby2D                                                                     ,a     ,3225 3226          ,Round 5   ,2          ,TheComanderXD       ,jaden_17522
durmain (slamonBbq)                                                         ,cocoo7538                                                                   ,A     ,2653 2654          ,Round 5   ,2          ,SlamonBBQ           ,durmain (slamonBbq)
witgiz                                                                      ,elmagneto                                                                   ,A     ,2679 2680          ,Round 5   ,2          ,witgiz              ,witgiz
Guebor                                                                      ,SUB 2                                                                       ,a     ,act                ,Round 5   ,0          ,act                 ,act
Altina                                                                      ,jeem16                                                                      ,b     ,act                ,Round 5   ,0          ,act                 ,act
Leo                                                                         ,lucyisafish                                                                 ,b     ,act                ,Round 5   ,0          ,act                 ,act
Tyros                                                                       ,Stuckkkk                                                                    ,B     ,3200 3201 3202     ,Round 5   ,2          ,stuckkkk            ,Stuckkkk
udm31                                                                       ,shadowinger                                                                 ,A     ,2756 2757          ,Round 5   ,2          ,udm31               ,udm31
gambling.goddess                                                            ,Spfunkm                                                                     ,a     ,act                ,Round 5   ,0          ,act                 ,act
the_app                                                                     ,W_R                                                                         ,a     ,act                ,Round 5   ,0          ,act                 ,act
Zerkas                                                                      ,ilikeeatingcrayons                                                          ,A     ,2708 2709          ,Round 5   ,2          ,zerkas              ,Zerkas
goldmason                                                                   ,biff_the_banana                                                             ,B     ,act                ,Round 5   ,0          ,act                 ,act
OOZ                                                                         ,tavi_tavi                                                                   ,A     ,3076 3077          ,Round 5   ,2          ,OOz!?               ,OOZ
Mackenzie                                                                   ,isaiahterveen                                                               ,A     ,2641 2642 2643     ,Round 5   ,2          ,mkizzy              ,Mackenzie
Sanke Carp                                                                  ,steffmoney                                                                  ,a     ,3113 3114          ,Round 5   ,2          ,SANKE CARP          ,Sanke Carp
Roy Yamaha                                                                  ,Mulikki123                                                                  ,B     ,3115 3116 3117     ,Round 5   ,2          ,Mulikki             ,Mulikki123
Buzzed                                                                      ,Goodnightloulou                                                             ,A     ,2758 2759          ,Round 5   ,2          ,Buzzed27            ,Buzzed
Zcarlett                                                                    ,Witchgender                                                                 ,a     ,3118 3119          ,Round 5   ,2          ,Zcarlett            ,Zcarlett
Alecss                                                                      ,swaggy001066                                                                ,a     ,3120 3121 3122     ,Round 5   ,2          ,Alecss              ,Alecss
Cryolite                                                                    ,scootymcbooty123                                                            ,B     ,2760 2761 2762     ,Round 5   ,2          ,scootymcbooty123    ,scootymcbooty123
Hinkage                                                                     ,GSC_Lover_Boy                                                               ,A     ,2763 2764 2765     ,Round 5   ,2          ,WalterFartwelWhite  ,Hinkage
Psychokinetic4                                                              ,HunarPG                                                                     ,A     ,3123 3124 3125     ,Round 5   ,2          ,cloud bolt          ,Psychokinetic4
kuru1432                                                                    ,wolfturds                                                                   ,B     ,2766 2767          ,Round 5   ,2          ,Wolf Turds          ,wolfturds
Latlat1                                                                     ,bydy2                                                                       ,B     ,2768 2769          ,Round 5   ,2          ,bydy2               ,bydy2
Redmoonie                                                                   ,DeathbyDunsparce                                                            ,A     ,2770 2771          ,Round 5   ,2          ,HexMoonie           ,Redmoonie
Samnyg                                                                      ,almarkowbender                                                              ,B     ,2772 2773          ,Round 5   ,2          ,almarkowbender      ,almarkowbender
UnzipsCrogre                                                                ,millingwinds                                                                ,A     ,act                ,Round 5   ,0          ,act                 ,act
blisy                                                                       ,starii88                                                                    ,a     ,3126 3127 3128     ,Round 5   ,2          ,NoBottlecapsBlisy   ,blisy
Moneybaggslowbro                                                            ,thegreatest23                                                               ,b     ,3129 3130 3131     ,Round 5   ,2          ,chiefbeef1234       ,thegreatest23
Fierros47                                                                   ,@struggles_under_pressure                                                   ,A     ,2774 2775          ,Round 5   ,2          ,stinkyaccountant    ,Fierros47
Print Screen                                                                ,tibetanator                                                                 ,B     ,2776 2777          ,Round 5   ,2          ,SaunkGod            ,tibetanator
DanWhoDis                                                                   ,Vholtninja                                                                  ,B     ,2778 2779 2780     ,Round 5   ,2          ,Vholtninja          ,Vholtninja
larkindred                                                                  ,tj_srevlis                                                                  ,a     ,3132 3133 3134     ,Round 5   ,2          ,Larkindred          ,larkindred
triiplemonstre                                                              ,nekuyagokoro                                                                ,b     ,act                ,Round 5   ,0          ,act                 ,act
5darkelves_gmen                                                             ,ashvinbutduck                                                               ,B     ,2781 2782          ,Round 5   ,2          ,billclintonlol      ,ashvinbutduck
goldthe1andonly                                                             ,usbreon                                                                     ,A     ,2783 2784 2785     ,Round 5   ,2          ,GoldThe1andOnly     ,goldthe1andonly
resen                                                                       ,Cyber-DJ                                                                    ,B     ,2786 2787 2788     ,Round 5   ,2          ,yt-cyber-dj         ,Cyber-DJ
Raven_queen                                                                 ,kalarse                                                                     ,b     ,3245 3246          ,Round 5   ,2          ,kalarse             ,kalarse
garcilp                                                                     ,Baptista                                                                    ,A     ,3137 3138 3139     ,Round 5   ,2          ,AutumnMint          ,garcilp
pLzzazz                                                                     ,gudemuch                                                                    ,B     ,2789 2790          ,Round 5   ,2          ,loleinsmaragd       ,gudemuch
triskeriaki                                                                 ,brestelli                                                                   ,a     ,act                ,Round 5   ,0          ,act                 ,act
nicki4                                                                      ,Zacynthius02                                                                ,A     ,2791 2792          ,Round 5   ,2          ,SSBM Nicki          ,nicki4
bruh504                                                                     ,SgtPingwen                                                                  ,A     ,2793 2794          ,Round 5   ,2          ,Xurkiyee            ,bruh504
SqueamishCube                                                               ,cashzachary                                                                 ,b     ,3242 3243 3244     ,Round 5   ,2          ,13ased              ,cashzachary
ShotoNC                                                                     ,swope                                                                       ,a     ,act                ,Round 5   ,0          ,act                 ,act
dorugang                                                                    ,_deacon                                                                     ,b     ,3239 3240 3241     ,Round 5   ,2          ,Xdeacon             ,_deacon
tanao                                                                       ,UsernameABCD                                                                ,b     ,3257 3258 3259     ,Round 5   ,2          ,hitmonYEE           ,UsernameABCD
fuckboylenny                                                                ,kewta                                                                       ,A     ,2795 2796          ,Round 5   ,2          ,fuckboyLenny        ,fuckboylenny
leofox___                                                                   ,JoJ                                                                         ,B     ,3140 3141 3142     ,Round 5   ,2          ,JoJ707              ,JoJ
ltg04                                                                       ,Shifty1239                                                                  ,A     ,2797 2798 2799     ,Round 5   ,2          ,LTG                 ,ltg04
.seden                                                                      ,Rebatca                                                                     ,B     ,3143 3144 3145     ,Round 5   ,2          ,Rebatca             ,Rebatca
Wizzyhatg                                                                   ,elysyr                                                                      ,B     ,3146 3147 3148     ,Round 5   ,2          ,Elisy               ,elysyr
PuruglyIsUgly                                                               ,SentientSanchez                                                             ,B     ,3149 3150          ,Round 5   ,2          ,CharBoy3000         ,SentientSanchez
Leeto64                                                                     ,olliertlol                                                                  ,a     ,act                ,Round 5   ,0          ,act                 ,act
doh#5604                                                                    ,green.9082                                                                  ,b     ,2897 2898          ,Round 5   ,2          ,green.9082          ,green.9082
Mimien97                                                                    ,sdj                                                                         ,b     ,2901 2902          ,Round 5   ,2          ,Scansafatiche       ,sdj
dragonlord6954                                                              ,Calm Stiege                                                                 ,a     ,2903 2904 2905     ,Round 5   ,2          ,Dr4gonl0rd          ,dragonlord6954
Melninja                                                                    ,skittleskitty                                                               ,a     ,2906 2907 2908     ,Round 5   ,2          ,melninja            ,Melninja
cisconduct                                                                  ,@pek__                                                                      ,b     ,2909 2910 2911     ,Round 5   ,2          ,Garpachi            ,@pek__
doc.steel                                                                   ,koentjelub                                                                  ,a     ,2912 2913          ,Round 5   ,2          ,Doc. Steel          ,doc.steel
swordpeace3232                                                              ,Ehtis                                                                       ,b     ,2914 2915 2916     ,Round 5   ,2          ,EhtishamEX          ,Ehtis
LevysChair                                                                  ,Vassimobin                                                                  ,b     ,2917 2918 2919     ,Round 5   ,2          ,mobjamin            ,Vassimobin
Kenava                                                                      ,dinkdank_                                                                   ,a     ,3151 3152 3153     ,Round 5   ,2          ,Kenava              ,Kenava
tamafuyu                                                                    ,chrisdrums19                                                                ,a     ,2920 2921          ,Round 5   ,2          ,tamafuyu            ,tamafuyu
Superstar                                                                   ,comseal                                                                     ,b     ,3230 3231 3232     ,Round 5   ,2          ,ComSeal             ,comseal
KeshBa45                                                                    ,dustyfans                                                                   ,b     ,2922 2923          ,Round 5   ,2          ,dustyfans           ,dustyfans
crustaceus                                                                  ,Ktools#9665                                                                 ,a     ,2924 2925          ,Round 5   ,2          ,crustaceus          ,crustaceus
Polt99                                                                      ,Mamakoko                                                                    ,b     ,2926 2927 2928     ,Round 5   ,2          ,Venik777            ,Mamakoko
draccus_comun                                                               ,aldrichunfaithful                                                           ,b     ,2929 2930 2931     ,Round 5   ,2          ,aldrich_unfaithful  ,aldrichunfaithful
ultraemeraldman_16197                                                       ,frogsella                                                                   ,a     ,2932 2933 2934     ,Round 5   ,2          ,Humorous Husband    ,ultraemeraldman_16197
treeshhhh                                                                   ,Klird                                                                       ,b     ,2935 2936 2937     ,Round 5   ,2          ,Klird               ,Klird
Grain_Jar                                                                   ,Typlion                                                                     ,a     ,2938 2939          ,Round 5   ,2          ,Glick666            ,Grain_Jar
Yatagarasuwu                                                                ,I am the Jarl                                                               ,b     ,act                ,Round 5   ,0          ,act                 ,act
tsuki.no.miko                                                               ,scrapmetal56                                                                ,a     ,2940 2941 2942     ,Round 5   ,2          ,tsukinomiko         ,tsuki.no.miko
ManiacalDolphin                                                             ,Rezzo                                                                       ,b     ,2943 2944          ,Round 5   ,2          ,rezzo64             ,Rezzo
diegoyuhhi                                                                  ,Sificon                                                                     ,b     ,act                ,Round 5   ,0          ,act                 ,act
Hypermoth                                                                   ,darth_halux                                                                 ,a     ,2945 2946          ,Round 5   ,2          ,Schmohg             ,Hypermoth
@xlimexheep                                                                 ,charku                                                                      ,b     ,2947 2948          ,Round 5   ,2          ,charku              ,charku
Mintyfresh756                                                               ,Greyaz                                                                      ,a     ,2951 2952          ,Round 5   ,2          ,catmode             ,Mintyfresh756
almbkn                                                                      ,Dig Boshi                                                                   ,a     ,2949 2950          ,Round 5   ,2          ,DimmyJean           ,almbkn
otael                                                                       ,biluv_v                                                                     ,b     ,2953 2954          ,Round 5   ,2          ,B.B.H00D            ,biluv_v
saiyanpride.                                                                ,.lucky_7.                                                                   ,b     ,2955 2956          ,Round 5   ,2          ,luckii_girl         ,.lucky_7.
J0af                                                                        ,deftbrixton                                                                 ,a     ,2957 2958          ,Round 5   ,2          ,JoaF                ,J0af
Kydreith33                                                                  ,.turkeyleg                                                                  ,a     ,3233 3234          ,Round 5   ,2          ,kydreith33          ,Kydreith33
madelinmorningstar                                                          ,Drby                                                                        ,b     ,2959 2960 2961     ,Round 5   ,2          ,drby                ,Drby
JCK_ionic                                                                   ,bugthatlovesfish                                                            ,a     ,2965 2966 2967     ,Round 5   ,2          ,yyyyyfyyyyy         ,JCK_ionic
grahamsandwich                                                              ,Coco / Yuii                                                                 ,a     ,3235 3236          ,Round 5   ,2          ,GarhamSandich       ,grahamsandwich
Loneling                                                                    ,@geosesarma                                                                 ,a     ,3222 3223 3224     ,Round 5   ,2          ,Loneling            ,Loneling
wyli.olivete                                                                ,funhouse3                                                                   ,a     ,act                ,Round 5   ,0          ,act                 ,act
bigjon.                                                                     ,YlisseanStarlight                                                           ,a     ,act                ,Round 5   ,0          ,act                 ,act
countsligo                                                                  ,Redrame                                                                     ,b     ,2968 2969          ,Round 5   ,2          ,Redrame             ,Redrame
dimiswooner                                                                 ,jew9318                                                                     ,b     ,2970 2971          ,Round 5   ,2          ,euph0riADV          ,jew9318
1captainmorgan                                                              ,yallen                                                                      ,b     ,2713 2714          ,Round 5   ,2          ,Yallen              ,yallen
epiclyepicgamer                                                             ,yd12k                                                                       ,a     ,3083 3084 3085     ,Round 5   ,2          ,EpiclyEpicGamerW    ,epiclyepicgamer
lucida                                                                      ,kylemckell                                                                  ,a     ,2715 2716          ,Round 5   ,2          ,sixofrobins         ,lucida
Eggman                                                                      ,ebitachy                                                                    ,b     ,act                ,Round 5   ,0          ,act                 ,act
MoxieKrok                                                                   ,billgatesalt_53189                                                          ,b     ,2972 2973          ,Round 5   ,2          ,BillGatesAlt        ,billgatesalt_53189
nemesis_deno                                                                ,btalb                                                                       ,b     ,2717 2718          ,Round 5   ,2          ,Jfaun               ,btalb
Microsoft_J                                                                 ,tub69                                                                       ,a     ,2976 2977          ,Round 5   ,2          ,msoft_j             ,Microsoft_J
DonlyPhans                                                                  ,mewunderscoretwo                                                            ,a     ,2657 2658          ,Round 5   ,2          ,Donly Phans         ,DonlyPhans
cow3492                                                                     ,zxgzxg                                                                      ,a     ,2886 2887 2888     ,Round 5   ,2          ,cow xi              ,cow3492
WraxiusGaming                                                               ,pinjarrapanther                                                             ,a     ,3237 3238          ,Round 5   ,2          ,WraxiusGaming       ,WraxiusGaming
sanbaibeepo                                                                 ,tahat_t                                                                     ,b     ,2659 2660          ,Round 5   ,2          ,tahat squared       ,tahat_t
cremozar#6029                                                               ,.alig.                                                                      ,b     ,act                ,Round 5   ,0          ,act                 ,act
caps lock 3009                                                              ,TacCat                                                                      ,b     ,3249 3250          ,Round 5   ,2          ,taccat              ,TacCat
msousa                                                                      ,gpd_123                                                                     ,a     ,act                ,Round 5   ,0          ,act                 ,act
Reptikrook                                                                  ,Derde                                                                       ,a     ,2889 2890 2891     ,Round 5   ,2          ,reptikrook          ,Reptikrook
danielsemmson                                                               ,diamonddiancie                                                              ,a     ,2719 2720 2721     ,Round 5   ,2          ,kaesespaetzle       ,danielsemmson
vy_apostrophe                                                               ,darth0068                                                                   ,a     ,act                ,Round 5   ,0          ,act                 ,act
nadiddhrabb                                                                 ,jensendale                                                                  ,a     ,act                ,Round 5   ,0          ,act                 ,act
James67                                                                     ,jankcity                                                                    ,b     ,2661 2662          ,Round 5   ,2          ,jank_city.mp4       ,jankcity
Kenmarijuana                                                                ,rizzarroflame                                                               ,a     ,act                ,Round 5   ,0          ,act                 ,act
.FunkyCop                                                                   ,zoyotte                                                                     ,b     ,3105 3106          ,Round 5   ,2          ,zoyotte             ,zoyotte
iwasmoth                                                                    ,Graham (graaahaaam)                                                         ,b     ,2892 2893          ,Round 5   ,2          ,KoboldSorcerer      ,Graham (graaahaaam)
Attazer                                                                     ,JxJ                                                                         ,a     ,2663 2664 2665     ,Round 5   ,2          ,Attalyn             ,Attazer
Sorenkazer                                                                  ,poosh_i                                                                     ,a     ,2722 2723 2724     ,Round 5   ,2          ,Sorenz              ,Sorenkazer
diegoin10                                                                   ,owlman7507                                                                  ,b     ,3251 3252 3253     ,Round 5   ,2          ,leoperi99           ,owlman7507
jussydkt                                                                    ,br.twfb                                                                     ,b     ,3254 3255 3256     ,Round 5   ,2          ,vbncvx              ,br.twfb
ditdus.                                                                     ,halbertsimpson                                                              ,a     ,2666 2667          ,Round 5   ,2          ,Dit Dus             ,ditdus.
hipimochi                                                                   ,Axselo                                                                      ,b     ,2668 2669 2670     ,Round 5   ,2          ,Axselo              ,Axselo
lemon04                                                                     ,fayestra                                                                    ,a     ,2725 2726          ,Round 5   ,2          ,lemoncholy          ,lemon04
Aahaahaah                                                                   ,jotaentrena                                                                 ,a     ,2974 2975          ,Round 5   ,2          ,aahaahaah           ,Aahaahaah
MrBluestacks                                                                ,KingWafl                                                                    ,b     ,2671 2672 2673     ,Round 5   ,2          ,KingWafl            ,KingWafl
.germ_                                                                      ,derevien                                                                    ,b     ,2674 2675          ,Round 5   ,2          ,Derevien            ,derevien
terradayy                                                                   ,Lhions                                                                      ,b     ,act                ,Round 5   ,0          ,act                 ,act
marcelbruer                                                                 ,Melee Minion                                                                ,b     ,3086 3087 3088     ,Round 5   ,2          ,Melee Minion        ,Melee Minion
Genofool                                                                    ,ReavenFTW                                                                   ,b     ,2727 2728 2729     ,Round 5   ,2          ,singingcrow         ,ReavenFTW
kinou_pkm                                                                   ,Felizelise                                                                  ,a     ,act                ,Round 5   ,0          ,act                 ,act
Tyxerns                                                                     ,allmovingshadows                                                            ,b     ,2732 2733          ,Round 5   ,2          ,allmovingshadows    ,allmovingshadows
skitz_money                                                                 ,irrelevantone                                                               ,b     ,act                ,Round 5   ,0          ,act                 ,act
xamvius                                                                     ,Upon_Link_Main                                                              ,a     ,2676 2677 2678     ,Round 5   ,2          ,Xamvant             ,xamvius
etibamecus.                                                                 ,Basharapplejuice                                                            ,b     ,3089 3090 3091     ,Round 5   ,2          ,peachyaladdin       ,Basharapplejuice
mintchocolateguy                                                            ,moggie776                                                                   ,a     ,2985 2986 2987     ,Round 5   ,2          ,MintChocolateGuy    ,mintchocolateguy
Drekt93#0078                                                                ,clinkbug                                                                    ,b     ,3107 3108 3109     ,Round 5   ,2          ,asbolus verrucosus  ,clinkbug
nichard_                                                                    ,theepiccd56                                                                 ,a     ,2730 2731          ,Round 5   ,2          ,squeenr             ,nichard_
Fear                                                                        ,pac_rojo                                                                    ,A     ,3533 3534 3535     ,Round 6   ,2          ,Fear                ,Fear
Fakes                                                                       ,depressioncherry_66209                                                      ,A     ,3304 3305          ,Round 6   ,2          ,Fakes               ,Fakes
jumpy23                                                                     ,monchooo                                                                    ,A     ,3565 3566 3567     ,Round 6   ,2          ,I'm the Dome Ace    ,jumpy23
Kollin                                                                      ,annuit99                                                                    ,A     ,3506 3507 3508     ,Round 6   ,2          ,Kollin7             ,Kollin
Mielke                                                                      ,oskari1707                                                                  ,A     ,3615 3616 3617     ,Round 6   ,2          ,3 blades            ,Mielke
Pokology                                                                    ,cepulo                                                                      ,A     ,3509 3510          ,Round 6   ,2          ,pokology2           ,Pokology
JR                                                                          ,dicerat8                                                                    ,B     ,3511 3512          ,Round 6   ,2          ,dicerat8            ,dicerat8
Sheik                                                                       ,Amir (lordamir & lordamir2)                                                 ,B     ,3157 3158 3159     ,Round 6   ,2          ,Amir                ,Amir (lordamir & lordamir2)
Johnald                                                                     ,Cake                                                                        ,A     ,3568 3569          ,Round 6   ,2          ,Ooziegib            ,Johnald
Zelph                                                                       ,Egor                                                                        ,A     ,3536 3537 3538     ,Round 6   ,2          ,EG Zelph            ,Zelph
Alice                                                                       ,Churi                                                                       ,B     ,3306 3307          ,Round 6   ,2          ,Churielix           ,Churi
Triangles                                                                   ,strawbbz                                                                    ,A     ,3308 3309          ,Round 6   ,2          ,triangles           ,Triangles
pkLeech                                                                     ,milkshook00                                                                 ,A     ,3570 3571          ,Round 6   ,2          ,pkLeech             ,pkLeech
Cyberodin                                                                   ,xho_xho_                                                                    ,A     ,3572 3573 3574     ,Round 6   ,2          ,I love you Jesus    ,Cyberodin
Blues                                                                       ,mmtimmo                                                                     ,A     ,3539 3540 3541     ,Round 6   ,2          ,bluesenergy00       ,Blues
Pak                                                                         ,gorbinator.                                                                 ,A     ,3310 3311          ,Round 6   ,2          ,Pak                 ,Pak
River                                                                       ,adv_fella                                                                   ,A     ,3513 3514          ,Round 6   ,2          ,violet river        ,River
Carapinga                                                                   ,heyitsmeriley                                                               ,A     ,3312 3313          ,Round 6   ,2          ,Eduardo Carapinga   ,Carapinga
Mayo                                                                        ,Agustin Palacios                                                            ,B     ,3515 3516 3517     ,Round 6   ,2          ,Blaniom             ,Agustin Palacios
Adam                                                                        ,wavy_ish                                                                    ,A     ,3518 3519 3520     ,Round 6   ,2          ,AC77                ,Adam
laxuy                                                                       ,dylan69__                                                                   ,A     ,3575 3576          ,Round 6   ,2          ,lax                 ,laxuy
Big Will                                                                    ,Blanched                                                                    ,B     ,3314 3315          ,Round 6   ,2          ,blanched            ,Blanched
keepingiticy                                                                ,socialinclusion                                                             ,B     ,3577 3578 3579     ,Round 6   ,2          ,social inclusion    ,socialinclusion
Typhoon Carter                                                              ,dadaasdcfaw                                                                 ,A     ,3521 3522          ,Round 6   ,2          ,TyCarter            ,Typhoon Carter
48                                                                          ,sligoblues                                                                  ,B     ,3523 3524 3525     ,Round 6   ,2          ,blavand             ,sligoblues
eliandiditagain                                                             ,tonii5531                                                                   ,A     ,3316 3317          ,Round 6   ,2          ,Elian               ,eliandiditagain
Zacpz                                                                       ,Saint-ome                                                                   ,a     ,3396 3397          ,Round 6   ,2          ,zacpz               ,Zacpz
Segale                                                                      ,s_2_w                                                                       ,A     ,3526 3527          ,Round 6   ,2          ,Segale              ,Segale
Colteor                                                                     ,sieefffmon                                                                  ,B     ,3318 3319          ,Round 6   ,2          ,Sieeeffmon          ,sieefffmon
earlgr3y                                                                    ,jaden_17522                                                                 ,A     ,3580 3581 3582     ,Round 6   ,2          ,earl gr3y           ,earlgr3y
Celdanami                                                                   ,.GeneralRevan                                                               ,A     ,3320 3321          ,Round 6   ,2          ,celdanami           ,Celdanami
ThisGuyMuks                                                                 ,Sophocles                                                                   ,A     ,3528 3529 3530     ,Round 6   ,2          ,ThisGuyMuks         ,ThisGuyMuks
Christos                                                                    ,tyler.cox                                                                   ,A     ,3322 3323          ,Round 6   ,2          ,Christos            ,Christos
DeezCastforms                                                               ,blunderpolicy                                                               ,A     ,3583 3584          ,Round 6   ,2          ,Deezcastforms       ,DeezCastforms
Figull400                                                                   ,Stockings                                                                   ,B     ,3585 3586 3587     ,Round 6   ,2          ,Stockings           ,Stockings
Don Tonionie                                                                ,sbmalus                                                                     ,A     ,3531 3532          ,Round 6   ,2          ,themessiah1         ,Don Tonionie
Bhol                                                                        ,Papa Escargo                                                                ,a     ,3556 3558 3559     ,Round 6   ,2          ,Bhol                ,Bhol
xTina                                                                       ,ghostreported                                                               ,a     ,3336 3337 3338     ,Round 6   ,2          ,xtina xendrix       ,xTina
Kai (aplgd)                                                                 ,@spreek                                                                     ,a     ,3339 3341 3342     ,Round 6   ,2          ,A Plague Doc        ,Kai (aplgd)
MeEsSm                                                                      ,venomshoc                                                                   ,a     ,3343 3344 3345     ,Round 6   ,2          ,MeEsSm              ,MeEsSm
kingofironfrisk                                                             ,Kenuckz                                                                     ,b     ,3346 3347          ,Round 6   ,2          ,donk27              ,Kenuckz
OopsAllDeoxys                                                               ,FaceOFF                                                                     ,b     ,3378 3379 3380     ,Round 6   ,2          ,FaceOFF3141         ,FaceOFF
Exiline                                                                     ,Lunasran                                                                    ,a     ,3542 3543          ,Round 6   ,2          ,Ivoire              ,Exiline
Zpanther                                                                    ,Rainer7849                                                                  ,a     ,3348 3349          ,Round 6   ,2          ,Zpanther            ,Zpanther
Nicole                                                                      ,secondari                                                                   ,a     ,3607 3608 3609     ,Round 6   ,2          ,nicole7735          ,Nicole
Rambode                                                                     ,denizs8                                                                     ,b     ,3350 3351 3352     ,Round 6   ,2          ,denizzz             ,denizs8
xGangg                                                                      ,jd_orph                                                                     ,a     ,3353 3354          ,Round 6   ,2          ,xGangg              ,xGangg
shawtyyyyyyy                                                                ,Nicko8                                                                      ,b     ,act                ,Round 6   ,0          ,act                 ,act
H>L                                                                         ,gonzasaurio50                                                               ,a     ,3383 3384 3385     ,Round 6   ,2          ,Hydreigon > Latias  ,H>L
xXEricXx                                                                    ,samjamslam                                                                  ,a     ,3481 3482 3483     ,Round 6   ,2          ,xXEricXx            ,xXEricXx
OOF_MAXIMA                                                                  ,f1remaster (Hikari)                                                         ,a     ,3355 3356          ,Round 6   ,2          ,OOF_MAXIMA          ,OOF_MAXIMA
Incognition                                                                 ,choicescarf002                                                              ,a     ,3357 3358          ,Round 6   ,2          ,Incognition         ,Incognition
Tempokin                                                                    ,witgiz                                                                      ,b     ,3359 3360          ,Round 6   ,2          ,witgiz              ,witgiz
qsns                                                                        ,saltocorto                                                                  ,a     ,3361 3362          ,Round 6   ,2          ,qsns                ,qsns
Cyberas                                                                     ,Alargemongoose                                                              ,B     ,3604 3605 3606     ,Round 6   ,2          ,alargemongoose      ,Alargemongoose
Mantis                                                                      ,justbestlevels                                                              ,b     ,3363 3364 3365     ,Round 6   ,2          ,jlev                ,justbestlevels
Otto                                                                        ,Ghostmalone.                                                                ,a     ,3366 3367          ,Round 6   ,2          ,kaboom64            ,Otto
Seradess                                                                    ,Dwightasaurus                                                               ,a     ,3479 3480          ,Round 6   ,2          ,Seradess            ,Seradess
Dancing Along/Abreaction                                                    ,emerald_harrold                                                             ,a     ,3388 3389          ,Round 6   ,2          ,DancingAlong        ,Dancing Along/Abreaction
luisin                                                                      ,Ho_Chi                                                                      ,a     ,3381 3382          ,Round 6   ,2          ,luisin              ,luisin
knexhawk                                                                    ,dragonsareoptimal                                                           ,b     ,3368 3369          ,Round 6   ,2          ,Nardgo              ,dragonsareoptimal
bd31                                                                        ,fastandsleepy                                                               ,b     ,act                ,Round 6   ,0          ,act                 ,act
Skarpherim                                                                  ,lexi.pup                                                                    ,a     ,3393 3394 3395     ,Round 6   ,2          ,Skarpherim©         ,Skarpherim
_uka                                                                        ,dhgss                                                                       ,a     ,3560 3561          ,Round 6   ,2          ,Team Constantin     ,_uka
gogozeppeli1890 (rconquer)                                                  ,CheesiMoon                                                                  ,b     ,3370 3371          ,Round 6   ,2          ,cheesimoon          ,CheesiMoon
greencatkid                                                                 ,durmain (slamonBbq)                                                         ,b     ,3562 3563          ,Round 6   ,2          ,SlamonBBQ           ,durmain (slamonBbq)
yallen                                                                      ,SUB 2                                                                       ,a     ,act                ,Round 6   ,0          ,act                 ,act
Caloom                                                                      ,Don7331                                                                     ,a     ,3372 3373          ,Round 6   ,2          ,caloominum          ,Caloom
Voyager                                                                     ,wiilink100                                                                  ,a     ,3374 3375          ,Round 6   ,2          ,voyager             ,Voyager
void                                                                        ,Rebatca                                                                     ,a     ,3476 3477 3478     ,Round 6   ,2          ,Void                ,void
udm31                                                                       ,lucida                                                                      ,a     ,3376 3377          ,Round 6   ,2          ,UDM31               ,udm31
D3stiny                                                                     ,ShotoNC                                                                     ,a     ,3197 3198          ,Round 6   ,2          ,EG Sato             ,D3stiny
Zerkas                                                                      ,tehpenguinofdoom                                                            ,b     ,3172 3173          ,Round 6   ,2          ,Gulchittious Boi    ,tehpenguinofdoom
Dridri457                                                                   ,Hypermoth                                                                   ,a     ,3390 3391 3392     ,Round 6   ,2          ,Dridri457           ,Dridri457
OOZ                                                                         ,thedarvinist                                                                ,b     ,3179 3180          ,Round 6   ,2          ,Big Chungus irl     ,thedarvinist
Evakiyama                                                                   ,Vassimobin                                                                  ,A     ,3289 3290          ,Round 6   ,2          ,kittencel           ,Evakiyama
Vayun                                                                       ,ebitachy                                                                    ,a     ,3332 3333          ,Round 6   ,2          ,Vermillion Gangsta  ,Vayun
Mackenzie                                                                   ,GreenCity                                                                   ,a     ,act                ,Round 6   ,0          ,act                 ,act
Sanke Carp                                                                  ,aldrichunfaithful                                                           ,b     ,3294 3295 3296     ,Round 6   ,2          ,aldrich_unfaithful  ,aldrichunfaithful
Marshy                                                                      ,almarkowbender                                                              ,b     ,act                ,Round 6   ,0          ,act                 ,act
Buzzed                                                                      ,jankcity                                                                    ,b     ,3472 3473          ,Round 6   ,2          ,jank_city.mp4       ,jankcity
King Raska                                                                  ,msousa                                                                      ,b     ,3553 3554 3555     ,Round 6   ,2          ,Msousagamer         ,msousa
Zcarlett                                                                    ,fuckboylenny                                                                ,A     ,3291 3292 3293     ,Round 6   ,2          ,Zcarlett_           ,Zcarlett
Alecss                                                                      ,KingWafl                                                                    ,a     ,3324 3325 3326     ,Round 6   ,2          ,Alecss              ,Alecss
Younglemonhope                                                              ,flareliger                                                                  ,a     ,3474 3475          ,Round 6   ,2          ,Girls See Ghosts    ,Younglemonhope
Shadowtime2000                                                              ,stolenpaper                                                                 ,b     ,act                ,Round 6   ,0          ,act                 ,act
ratdogreborn                                                                ,J0af                                                                        ,b     ,3199 3264 3265     ,Round 6   ,2          ,JoaF                ,J0af
Hinkage                                                                     ,Cream314                                                                    ,b     ,3327 3328          ,Round 6   ,2          ,BongMoodeus         ,Cream314
Just_Leo                                                                    ,rovels                                                                      ,a     ,act                ,Round 6   ,0          ,act                 ,act
Zinc                                                                        ,Redrame                                                                     ,a     ,act                ,Round 6   ,0          ,act                 ,act
Jabba                                                                       ,kalarse                                                                     ,a     ,3266 3267 3268     ,Round 6   ,2          ,TreinerOrenge       ,Jabba
Psychokinetic4                                                              ,Fantasmal_.                                                                 ,B     ,3297 3298          ,Round 6   ,2          ,Faantome            ,Fantasmal_.
.verb                                                                       ,Basharapplejuice                                                            ,a     ,3299 3300 3301     ,Round 6   ,2          ,verbatim            ,.verb
Yoink 0                                                                     ,Melee Minion                                                                ,a     ,3163 3164 3165     ,Round 6   ,2          ,Yoink 0             ,Yoink 0
gambling.goddess                                                            ,ashvinbutduck                                                               ,b     ,3170 3171          ,Round 6   ,2          ,billclintonlol      ,ashvinbutduck
jerdgerd                                                                    ,med470                                                                      ,a     ,3329 3330 3331     ,Round 6   ,2          ,jerdgerd            ,jerdgerd
gstrem_                                                                     ,yuramas                                                                     ,a     ,3181 3182 3183     ,Round 6   ,2          ,aburame nation      ,gstrem_
Kydreith33                                                                  ,Simonf                                                                      ,a     ,3269 3270 3271     ,Round 6   ,2          ,kydreith33          ,Kydreith33
style_purposes                                                              ,goldthe1andonly                                                             ,a     ,3174 3175 3176     ,Round 6   ,2          ,stypur              ,style_purposes
Redmoonie                                                                   ,blisy                                                                       ,a     ,3386 3387          ,Round 6   ,2          ,HexMoonie           ,Redmoonie
cow3492                                                                     ,.lucky_7.                                                                   ,b     ,act                ,Round 6   ,0          ,act                 ,act
lucyisafish                                                                 ,tree69420                                                                   ,b     ,3168 3169          ,Round 6   ,2          ,Tree69420           ,tree69420
Stuckkkk                                                                    ,kinou_pkm                                                                   ,b     ,3302 3303          ,Round 6   ,2          ,KTheMathematician   ,kinou_pkm
UnzipsCrogre                                                                ,Forte_French                                                                ,b     ,3334 3335          ,Round 6   ,2          ,HeyYa!_Forte        ,Forte_French
WraxiusGaming                                                               ,biluv_v                                                                     ,a     ,3272 3273 3274     ,Round 6   ,2          ,WraxiusGaming       ,WraxiusGaming
Colby2D                                                                     ,Mulikki123                                                                  ,a     ,3177 3178          ,Round 6   ,2          ,Colby2D             ,Colby2D
jeem16                                                                      ,larkindred                                                                  ,a     ,act                ,Round 6   ,0          ,act                 ,act
chtx                                                                        ,DonlyPhans                                                                  ,a     ,3418 3419 3420     ,Round 6   ,2          ,ccczzx              ,chtx
charku                                                                      ,executive_assistant                                                         ,a     ,3421 3422 3423     ,Round 6   ,2          ,charku              ,charku
.brever.                                                                    ,tahat_t                                                                     ,a     ,3424 3425 3426     ,Round 6   ,2          ,shoegazes           ,.brever.
JCK_ionic                                                                   ,_deacon                                                                     ,b     ,3427 3428 3429     ,Round 6   ,2          ,xDeacon             ,_deacon
S.k.magnet                                                                  ,I am the Jarl                                                               ,a     ,3430 3431 3432     ,Round 6   ,2          ,MagsAndMiles        ,S.k.magnet
Kenava                                                                      ,sheikhater                                                                  ,a     ,3433 3434          ,Round 6   ,2          ,Kenava              ,Kenava
ReavenFTW                                                                   ,Aahaahaah                                                                   ,a     ,3435 3436          ,Round 6   ,2          ,singingcrow         ,ReavenFTW
Mamakoko                                                                    ,billgatesalt_53189                                                          ,b     ,3184 3185 3186     ,Round 6   ,2          ,BillGatesAlt        ,billgatesalt_53189
dustyfans                                                                   ,Salamaster                                                                  ,a     ,3437 3438 3439     ,Round 6   ,2          ,dustyfans           ,dustyfans
TacCat                                                                      ,nadiddhrabb                                                                 ,b     ,3187 3188 3189     ,Round 6   ,2          ,Dhrabb              ,nadiddhrabb
wolfturds                                                                   ,anashensoul                                                                 ,a     ,3190 3191          ,Round 6   ,2          ,Wolf Turds          ,wolfturds
Axselo                                                                      ,SoCalSon                                                                    ,a     ,3192 3193          ,Round 6   ,2          ,Axselo              ,Axselo
vy_apostrophe                                                               ,Attazer                                                                     ,a     ,3440 3441          ,Round 6   ,2          ,VyoletRayn          ,vy_apostrophe
egocheck                                                                    ,nekuyagokoro                                                                ,a     ,3442 3443          ,Round 6   ,2          ,DunsparceGamer      ,egocheck
scootymcbooty123                                                            ,Drby                                                                        ,a     ,3444 3445          ,Round 6   ,2          ,scootymcbooty123    ,scootymcbooty123
ccgeek_                                                                     ,crustaceus                                                                  ,a     ,3549 3550          ,Round 6   ,2          ,CCGeek              ,ccgeek_
elysyr                                                                      ,incognidoqueen                                                              ,a     ,3194 3195 3196     ,Round 6   ,2          ,Elisy               ,elysyr
Goose824                                                                    ,kvistsivk                                                                   ,b     ,act                ,Round 6   ,0          ,act                 ,act
SentientSanchez                                                             ,air602                                                                      ,b     ,3446 3447 3448     ,Round 6   ,2          ,AirPan              ,air602
cashzachary                                                                 ,Lhions                                                                      ,a     ,3449 3450          ,Round 6   ,2          ,13ased              ,cashzachary
Cyber-DJ                                                                    ,Fierros47                                                                   ,a     ,3451 3452          ,Round 6   ,2          ,yt-cyber-dj         ,Cyber-DJ
Sorenkazer                                                                  ,Microsoft_J                                                                 ,a     ,3453 3454          ,Round 6   ,2          ,Sorenz              ,Sorenkazer
zoyotte                                                                     ,Scrigman                                                                    ,b     ,3551 3552          ,Round 6   ,2          ,FlappleFan20        ,Scrigman
thegreatest23                                                               ,busyboi                                                                     ,b     ,3455 3456          ,Round 6   ,2          ,busyboi             ,busyboi
bydy2                                                                       ,Leeto64                                                                     ,a     ,3457 3458 3459     ,Round 6   ,2          ,bydy2               ,bydy2
_rekkzz_                                                                    ,Melninja                                                                    ,a     ,3275 3276          ,Round 6   ,2          ,StrictSceptile1     ,_rekkzz_
jahim_                                                                      ,JoJ                                                                         ,b     ,3398 3399          ,Round 6   ,2          ,JoJ707              ,JoJ
iNeedJuuce                                                                  ,Mintyfresh756                                                               ,b     ,3460 3461          ,Round 6   ,2          ,catmode             ,Mintyfresh756
tibetanator                                                                 ,ltg04                                                                       ,a     ,3462 3463 3464     ,Round 6   ,2          ,SaunkGod            ,tibetanator
lengloi                                                                     ,.aj2.0                                                                      ,a     ,3465 3466 3467     ,Round 6   ,2          ,leng loi            ,lengloi
elmagneto                                                                   ,Guebor                                                                      ,a     ,3468 3469          ,Round 6   ,2          ,AutumnWailord       ,elmagneto
Rezzo                                                                       ,datguycactus                                                                ,a     ,3262 3263          ,Round 6   ,2          ,rezzo64             ,Rezzo
moistmania                                                                  ,wyli.olivete                                                                ,a     ,3470 3471          ,Round 6   ,2          ,moistmania          ,moistmania
Himura                                                                      ,mintyerb                                                                    ,b     ,3166 3167          ,Round 6   ,2          ,mint yerb           ,mintyerb
no8ull                                                                      ,wwwmonmon                                                                   ,b     ,3160 3161 3162     ,Round 6   ,2          ,wwwmonmon           ,wwwmonmon
Grain_Jar                                                                   ,woeishuen                                                                   ,b     ,3400 3401          ,Round 6   ,2          ,woeishuen           ,woeishuen
Kenmarijuana                                                                ,ditdus.                                                                     ,a     ,3402 3403 3404     ,Round 6   ,2          ,Kenma likes males   ,Kenmarijuana
grahamsandwich                                                              ,doc.steel                                                                   ,a     ,3405 3406 3407     ,Round 6   ,2          ,GarhamSandich       ,grahamsandwich
biff_the_banana                                                             ,br.twfb                                                                     ,b     ,3408 3409          ,Round 6   ,2          ,vbncvx              ,br.twfb
The_Badger1230                                                              ,lemonlc                                                                     ,a     ,3484 3485 3486     ,Round 6   ,2          ,Thebadger1230       ,The_Badger1230
nicki4                                                                      ,nichard_                                                                    ,a     ,3487 3488 3489     ,Round 6   ,2          ,SSBM Nicki          ,nicki4
danielsemmson                                                               ,@pek__                                                                      ,B     ,3602 3603          ,Round 6   ,2          ,Garpachi            ,@pek__
jozin457                                                                    ,epiclyepicgamer                                                             ,b     ,3490 3491          ,Round 6   ,2          ,EpiclyEpicGamerW    ,epiclyepicgamer
gudemuch                                                                    ,Ehtis                                                                       ,B     ,3600 3601          ,Round 6   ,2          ,EhtishamEX          ,Ehtis
cocoo7538                                                                   ,dragonlord6954                                                              ,b     ,3277 3278 3279     ,Round 6   ,2          ,Dr4gonl0rd          ,dragonlord6954
comseal                                                                     ,irrelevantone                                                               ,b     ,3410 3411          ,Round 6   ,2          ,adv pride           ,irrelevantone
lemon04                                                                     ,almbkn                                                                      ,a     ,3412 3413          ,Round 6   ,2          ,lemoncholy          ,lemon04
squirtle_squadbig_squatto                                                   ,jew9318                                                                     ,a     ,3414 3415          ,Round 6   ,2          ,Big_Squatto         ,squirtle_squadbig_squatto
owlman7507                                                                  ,sapphire918                                                                 ,a     ,3280 3281          ,Round 6   ,2          ,leoperi99           ,owlman7507
bruh504                                                                     ,thestonewallsmith                                                           ,A     ,3598 3599          ,Round 6   ,2          ,xurkiyee            ,bruh504
xamvius                                                                     ,the_app                                                                     ,b     ,3416 3417          ,Round 6   ,2          ,The_App15           ,the_app
ThunderousBagel                                                             ,Reptikrook                                                                  ,A     ,3613 3614          ,Round 6   ,2          ,thunderousbagel     ,ThunderousBagel
Klird                                                                       ,tsuki.no.miko                                                               ,a     ,3546 3547 3548     ,Round 6   ,2          ,klird               ,Klird
.alig.                                                                      ,Svejk97                                                                     ,A     ,3596 3597          ,Round 6   ,2          ,ali.gnome           ,.alig.
clinkbug                                                                    ,Tefo                                                                        ,b     ,3492 3493          ,Round 6   ,2          ,tefoshark           ,Tefo
UsernameABCD                                                                ,mintchocolateguy                                                            ,A     ,3593 3594 3595     ,Round 6   ,2          ,hitmonYEE           ,UsernameABCD
Tiberiusfieri                                                               ,jthompson9021                                                               ,A     ,3610 3611 3612     ,Round 6   ,2          ,Salty Lame-o        ,Tiberiusfieri
garcilp                                                                     ,EatYourToastSon                                                             ,A     ,3591 3592          ,Round 6   ,2          ,AutumnMint          ,garcilp
Beignet                                                                     ,Graham (graaahaaam)                                                         ,a     ,3494 3495 3496     ,Round 6   ,2          ,beignet2            ,Beignet
poots6476                                                                   ,TRXXJEH                                                                     ,b     ,3282 3283          ,Round 6   ,2          ,TRXXJEH             ,TRXXJEH
bigjon.                                                                     ,Vholtninja                                                                  ,a     ,3544 3545          ,Round 6   ,2          ,Lunarvania          ,bigjon.
derevien                                                                    ,onewhorants                                                                 ,a     ,3284 3285 3286     ,Round 6   ,2          ,Derevien            ,derevien
green.9082                                                                  ,zettsbro                                                                    ,a     ,3497 3498          ,Round 6   ,2          ,green.9082          ,green.9082
tamafuyu                                                                    ,sdj                                                                         ,A     ,3588 3589 3590     ,Round 6   ,2          ,tamafuyu            ,tamafuyu
triskeriaki                                                                 ,btalb                                                                       ,a     ,3499 3500 3501     ,Round 6   ,2          ,triskeriaki         ,triskeriaki
Ghostfall22                                                                 ,Loneling                                                                    ,a     ,3502 3503          ,Round 6   ,2          ,Ghostfall22         ,Ghostfall22
clarissen                                                                   ,b1ur                                                                        ,b     ,act                ,Round 6   ,0          ,act                 ,act
allmovingshadows                                                            ,bohrier                                                                     ,b     ,3287 3288          ,Round 6   ,2          ,RetiredBohrier      ,bohrier
ultraemeraldman_16197                                                       ,ChocoboJoe                                                                  ,b     ,3504 3505          ,Round 6   ,2          ,realtimeglover      ,ChocoboJoe
Churi                                                                       ,durmain (slamonBbq)                                                         ,A     ,3886 3887 3888     ,Round 7   ,2          ,Churielix           ,Churi
Fakes                                                                       ,dicerat8                                                                    ,A     ,3618 3619          ,Round 7   ,2          ,fakes               ,Fakes
Fear                                                                        ,Amir (lordamir & lordamir2)                                                 ,B     ,3860 3861          ,Round 7   ,2          ,Amir                ,Amir (lordamir & lordamir2)
jumpy23                                                                     ,Zelph                                                                       ,A     ,3862 3863 3864     ,Round 7   ,2          ,I'm the Dome Ace    ,jumpy23
Kollin                                                                      ,Johnald                                                                     ,A     ,3719 3720          ,Round 7   ,2          ,Kollin7             ,Kollin
Mielke                                                                      ,Pokology                                                                    ,A     ,3865 3866 3867     ,Round 7   ,2          ,3 blades            ,Mielke
Cyberodin                                                                   ,emerald_harrold                                                             ,B     ,3868 3869          ,Round 7   ,2          ,Emerald_Harrold     ,emerald_harrold
Triangles                                                                   ,Agustin Palacios                                                            ,A     ,3870 3871 3872     ,Round 7   ,2          ,triangles           ,Triangles
pkLeech                                                                     ,CheesiMoon                                                                  ,A     ,3858 3859          ,Round 7   ,2          ,pkLeech             ,pkLeech
Blues                                                                       ,socialinclusion                                                             ,A     ,3873 3874          ,Round 7   ,2          ,bluesenergy00       ,Blues
Pak                                                                         ,Blanched                                                                    ,A     ,3721 3722 3723     ,Round 7   ,2          ,Pak                 ,Pak
River                                                                       ,oskari1707                                                                  ,A     ,3620 3621 3622     ,Round 7   ,2          ,violet river        ,River
Carapinga                                                                   ,annuit99                                                                    ,B     ,3623 3624          ,Round 7   ,2          ,RedCrimp            ,annuit99
Adam                                                                        ,monchooo                                                                    ,A     ,3625 3626          ,Round 7   ,2          ,AC77                ,Adam
laxuy                                                                       ,fastandsleepy                                                               ,A     ,3724 3725 3726     ,Round 7   ,2          ,lax                 ,laxuy
JR                                                                          ,_uka                                                                        ,A     ,act                ,Round 7   ,0          ,act                 ,act
Sheik                                                                       ,Stockings                                                                   ,A     ,3875 3876          ,Round 7   ,2          ,Sheik               ,Sheik
Typhoon Carter                                                              ,Alargemongoose                                                              ,B     ,3727 3728 3729     ,Round 7   ,2          ,alargemongoose      ,Alargemongoose
eliandiditagain                                                             ,dragonsareoptimal                                                           ,B     ,3627 3628 3629     ,Round 7   ,2          ,Nardgo              ,dragonsareoptimal
Zacpz                                                                       ,sligoblues                                                                  ,A     ,3877 3878          ,Round 7   ,2          ,zacpz               ,Zacpz
Segale                                                                      ,denizs8                                                                     ,A     ,3730 3731 3732     ,Round 7   ,2          ,Segale              ,Segale
earlgr3y                                                                    ,Kenuckz                                                                     ,A     ,3733 3734          ,Round 7   ,2          ,earl gr3y           ,earlgr3y
Celdanami                                                                   ,FaceOFF                                                                     ,B     ,3879 3880 3881     ,Round 7   ,2          ,FaceOFF3141         ,FaceOFF
ThisGuyMuks                                                                 ,Nicko8                                                                      ,A     ,3882 3883          ,Round 7   ,2          ,ThisGuyMuks         ,ThisGuyMuks
Christos                                                                    ,witgiz                                                                      ,A     ,3735 3736          ,Round 7   ,2          ,Christos            ,Christos
DeezCastforms                                                               ,justbestlevels                                                              ,A     ,3737 3738          ,Round 7   ,2          ,Deezcastforms       ,DeezCastforms
Don Tonionie                                                                ,cepulo                                                                      ,B     ,3739 3740          ,Round 7   ,2          ,Sepulo              ,cepulo
Bhol                                                                        ,sieefffmon                                                                  ,A     ,3630 3631          ,Round 7   ,2          ,Bhol                ,Bhol
xTina                                                                       ,xho_xho_                                                                    ,B     ,3884 3885          ,Round 7   ,2          ,xhoshi              ,xho_xho_
Kai (aplgd)                                                                 ,depressioncherry_66209                                                      ,B     ,3741 3742          ,Round 7   ,2          ,Depres_ionCher_y    ,depressioncherry_66209
MeEsSm                                                                      ,Skarpherim                                                                  ,B     ,3743 3744 3745     ,Round 7   ,2          ,Skarpherim©         ,Skarpherim
Exiline                                                                     ,luisin                                                                      ,a     ,3746 3747 3748     ,Round 7   ,2          ,Ivoire              ,Exiline
Zpanther                                                                    ,Dancing Along/Abreaction                                                    ,a     ,3749 3750          ,Round 7   ,2          ,Zpanther            ,Zpanther
Nicole                                                                      ,Seradess                                                                    ,b     ,3751 3752          ,Round 7   ,2          ,Seradess            ,Seradess
xGangg                                                                      ,Otto                                                                        ,b     ,3753 3754 3755     ,Round 7   ,2          ,kaboom64            ,Otto
Alice                                                                       ,Cake                                                                        ,a     ,3756 3757          ,Round 7   ,2          ,ALlCE               ,Alice
H>L                                                                         ,qsns                                                                        ,a     ,3758 3759          ,Round 7   ,2          ,Hydreigon > Latias  ,H>L
xXEricXx                                                                    ,Egor                                                                        ,a     ,act                ,Round 7   ,0          ,act                 ,act
OOF_MAXIMA                                                                  ,Incognition                                                                 ,a     ,3845 3846 3847     ,Round 7   ,2          ,OOF_MAXIMA          ,OOF_MAXIMA
Caloom                                                                      ,TRXXJEH                                                                     ,a     ,3760 3761          ,Round 7   ,2          ,caloominum          ,Caloom
Voyager                                                                     ,Beignet                                                                     ,a     ,3848 3849 3850     ,Round 7   ,2          ,voyager             ,Voyager
void                                                                        ,Ho_Chi                                                                      ,a     ,3851 3852 3853     ,Round 7   ,2          ,Void                ,void
Mayo                                                                        ,milkshook00                                                                 ,a     ,3854 3855          ,Round 7   ,2          ,blyargh             ,Mayo
udm31                                                                       ,greencatkid                                                                 ,a     ,3762 3763          ,Round 7   ,2          ,UDM31               ,udm31
Big Will                                                                    ,tree69420                                                                   ,b     ,3764 3765          ,Round 7   ,2          ,Tree69420           ,tree69420
keepingiticy                                                                ,jeem16                                                                      ,a     ,3766 3767 3768     ,Round 7   ,2          ,keeping it icy      ,keepingiticy
48                                                                          ,vy_apostrophe                                                               ,a     ,3769 3770 3771     ,Round 7   ,2          ,Quarante8           ,48
D3stiny                                                                     ,Saint-ome                                                                   ,a     ,3772 3773          ,Round 7   ,2          ,EG Sato             ,D3stiny
Colteor                                                                     ,tamafuyu                                                                    ,b     ,3856 3857          ,Round 7   ,2          ,tamafuyu            ,tamafuyu
Dridri457                                                                   ,f1remaster (Hikari)                                                         ,b     ,3774 3775          ,Round 7   ,2          ,Hykari              ,f1remaster (Hikari)
Figull400                                                                   ,thedarvinist                                                                ,a     ,3776 3777 3778     ,Round 7   ,2          ,Figull400           ,Figull400
Evakiyama                                                                   ,epiclyepicgamer                                                             ,b     ,3779 3780          ,Round 7   ,2          ,EpiclyEpicGamerW    ,epiclyepicgamer
Vayun                                                                       ,Ghostmalone.                                                                ,a     ,act                ,Round 7   ,0          ,act                 ,act
kingofironfrisk                                                             ,ReavenFTW                                                                   ,b     ,3781 3782 3783     ,Round 7   ,2          ,singingcrow         ,ReavenFTW
Rambode                                                                     ,cashzachary                                                                 ,b     ,3784 3785 3786     ,Round 7   ,2          ,13ased              ,cashzachary
shawtyyyyyyy                                                                ,UsernameABCD                                                                ,b     ,act                ,Round 7   ,0          ,act                 ,act
Mackenzie                                                                   ,heyitsmeriley                                                               ,a     ,3787 3788 3789     ,Round 7   ,2          ,mkizzy              ,Mackenzie
Tempokin                                                                    ,blunderpolicy                                                               ,b     ,3790 3791 3792     ,Round 7   ,2          ,blundergoth         ,blunderpolicy
Cyberas                                                                     ,stolenpaper                                                                 ,a     ,act                ,Round 7   ,0          ,act                 ,act
Zcarlett                                                                    ,Fantasmal_.                                                                 ,a     ,3793 3794          ,Round 7   ,2          ,Zcarlett            ,Zcarlett
Alecss                                                                      ,dhgss                                                                       ,b     ,3795 3796 3797     ,Round 7   ,2          ,Dhgss               ,dhgss
Mantis                                                                      ,dylan69__                                                                   ,a     ,3662 3663          ,Round 7   ,2          ,RodentCollector     ,Mantis
Younglemonhope                                                              ,wwwmonmon                                                                   ,b     ,3798 3799          ,Round 7   ,2          ,wwwmonmon           ,wwwmonmon
Just_Leo                                                                    ,Lunasran                                                                    ,a     ,3695 3696          ,Round 7   ,2          ,Just_Leonardo       ,Just_Leo
Zinc                                                                        ,woeishuen                                                                   ,a     ,3697 3698 3699     ,Round 7   ,2          ,zinc3               ,Zinc
Jabba                                                                       ,billgatesalt_53189                                                          ,a     ,3701 3702          ,Round 7   ,2          ,TreinerOrenge       ,Jabba
knexhawk                                                                    ,ashvinbutduck                                                               ,a     ,3664 3665          ,Round 7   ,2          ,knexhawk2           ,knexhawk
bd31                                                                        ,dustyfans                                                                   ,b     ,act                ,Round 7   ,0          ,act                 ,act
.verb                                                                       ,irrelevantone                                                               ,b     ,3666 3667 3668     ,Round 7   ,2          ,adv pride           ,irrelevantone
Yoink 0                                                                     ,bigjon.                                                                     ,a     ,3669 3670          ,Round 7   ,2          ,Yoink 0             ,Yoink 0
green.9082                                                                  ,secondari                                                                   ,b     ,3800 3801 3802     ,Round 7   ,2          ,Key to Life         ,secondari
yallen                                                                      ,.GeneralRevan                                                               ,b     ,3803 3804 3805     ,Round 7   ,2          ,G3neralR3van        ,.GeneralRevan
S.k.magnet                                                                  ,jerdgerd                                                                    ,a     ,3671 3672 3673     ,Round 7   ,2          ,MagsAndMiles        ,S.k.magnet
Cream314                                                                    ,kvistsivk                                                                   ,a     ,3674 3675          ,Round 7   ,2          ,BongMoodeus         ,Cream314
the_app                                                                     ,_deacon                                                                     ,b     ,3676 3677          ,Round 7   ,2          ,xdeacon             ,_deacon
jd_orph                                                                     ,Cyber-DJ                                                                    ,A     ,3806 3807          ,Round 7   ,2          ,GShed               ,jd_orph
tehpenguinofdoom                                                            ,s_2_w                                                                       ,b     ,3889 3700          ,Round 7   ,2          ,Genexys             ,s_2_w
gonzasaurio50                                                               ,ChocoboJoe                                                                  ,b     ,3808 3809          ,Round 7   ,2          ,realtimeglover      ,ChocoboJoe
ccgeek_                                                                     ,sbmalus                                                                     ,a     ,3681 3682          ,Round 7   ,2          ,CCGeek              ,ccgeek_
dadaasdcfaw                                                                 ,Mintyfresh756                                                               ,b     ,3678 3679 3680     ,Round 7   ,2          ,catmode             ,Mintyfresh756
lexi.pup                                                                    ,nadiddhrabb                                                                 ,a     ,3683 3684 3685     ,Round 7   ,2          ,lexitg              ,lexi.pup
Sophocles                                                                   ,ThunderousBagel                                                             ,A     ,3810 3811          ,Round 7   ,2          ,Xenocles            ,Sophocles
bruh504                                                                     ,bohrier                                                                     ,a     ,3686 3687          ,Round 7   ,2          ,Xurkiyee            ,bruh504
moistmania                                                                  ,tyler.cox                                                                   ,b     ,3842 3843 3844     ,Round 7   ,2          ,butter dk           ,tyler.cox
mmtimmo                                                                     ,elysyr                                                                      ,b     ,act                ,Round 7   ,0          ,act                 ,act
kinou_pkm                                                                   ,Kydreith33                                                                  ,b     ,3688 3689 3690     ,Round 7   ,2          ,kydreith33          ,Kydreith33
Dwightasaurus                                                               ,squirtle_squadbig_squatto                                                   ,a     ,3812 3813 3814     ,Round 7   ,2          ,antantantantant     ,Dwightasaurus
saltocorto                                                                  ,ghostreported                                                               ,b     ,3691 3692          ,Round 7   ,2          ,Organic Oranges     ,ghostreported
scootymcbooty123                                                            ,jaden_17522                                                                 ,a     ,3815 3816 3817     ,Round 7   ,2          ,scootymcbooty123    ,scootymcbooty123
samjamslam                                                                  ,Rainer7849                                                                  ,a     ,act                ,Round 7   ,0          ,act                 ,act
venomshoc                                                                   ,JoJ                                                                         ,a     ,3693 3694          ,Round 7   ,2          ,VZR                 ,venomshoc
tonii5531                                                                   ,adv_fella                                                                   ,a     ,3818 3819 3820     ,Round 7   ,2          ,Jnho                ,tonii5531
gstrem_                                                                     ,Papa Escargo                                                                ,b     ,3703 3704          ,Round 7   ,2          ,crab person         ,Papa Escargo
Redmoonie                                                                   ,style_purposes                                                              ,b     ,3705 3706 3707     ,Round 7   ,2          ,Stypur              ,style_purposes
Ehtis                                                                       ,chtx                                                                        ,b     ,3821 3822          ,Round 7   ,2          ,ccczzx              ,chtx
garcilp                                                                     ,owlman7507                                                                  ,b     ,3823 3824 3825     ,Round 7   ,2          ,leoperi99           ,owlman7507
aldrichunfaithful                                                           ,The_Badger1230                                                              ,a     ,3632 3633 3634     ,Round 7   ,2          ,aldrich_unfaithful  ,aldrichunfaithful
almarkowbender                                                              ,@spreek                                                                     ,b     ,3635 3636          ,Round 7   ,2          ,Spreek              ,@spreek
gorbinator.                                                                 ,air602                                                                      ,a     ,3637 3638 3639     ,Round 7   ,2          ,TheLargestLad       ,gorbinator.
bydy2                                                                       ,.alig.                                                                      ,a     ,3640 3641          ,Round 7   ,2          ,bydy2               ,bydy2
charku                                                                      ,dragonlord6954                                                              ,a     ,3826 3827 3828     ,Round 7   ,2          ,charku              ,charku
mintyerb                                                                    ,wavy_ish                                                                    ,a     ,3708 3709 3710     ,Round 7   ,2          ,mint yerb           ,mintyerb
Ghostfall22                                                                 ,b1ur                                                                        ,a     ,3642 3643          ,Round 7   ,2          ,Ghostfall22         ,Ghostfall22
Kenava                                                                      ,@pek__                                                                      ,b     ,3644 3645 3646     ,Round 7   ,2          ,Garpachi            ,@pek__
triskeriaki                                                                 ,gogozeppeli1890 (rconquer)                                                  ,b     ,act                ,Round 7   ,0          ,act                 ,act
Tefo                                                                        ,Sificon                                                                     ,b     ,3647 3648          ,Round 7   ,2          ,Sificon~            ,Sificon
busyboi                                                                     ,choicescarf002                                                              ,b     ,3829 3830          ,Round 7   ,2          ,naisuneicha         ,choicescarf002
Colby2D                                                                     ,derevien                                                                    ,b     ,3711 3712          ,Round 7   ,2          ,Derevien            ,derevien
jankcity                                                                    ,Axselo                                                                      ,a     ,3831 3832          ,Round 7   ,2          ,jank_city.mp4       ,jankcity
Scrigman                                                                    ,Rezzo                                                                       ,b     ,3713 3714          ,Round 7   ,2          ,rezzo64             ,Rezzo
tibetanator                                                                 ,strawbbz                                                                    ,a     ,act                ,Round 7   ,0          ,act                 ,act
br.twfb                                                                     ,_rekkzz_                                                                    ,a     ,3715 3716          ,Round 7   ,2          ,vbncvx              ,br.twfb
J0af                                                                        ,pac_rojo                                                                    ,b     ,3649 3650          ,Round 7   ,2          ,CazabichosPablo     ,pac_rojo
msousa                                                                      ,lengloi                                                                     ,a     ,3651 3652 3653     ,Round 7   ,2          ,Msousagamer         ,msousa
Sorenkazer                                                                  ,.lucky_7.                                                                   ,a     ,3833 3834 3835     ,Round 7   ,2          ,Sorenz              ,Sorenkazer
.brever.                                                                    ,elmagneto                                                                   ,b     ,3717 3718          ,Round 7   ,2          ,AutumnWailord       ,elmagneto
egocheck                                                                    ,Forte_French                                                                ,b     ,3654 3655          ,Round 7   ,2          ,HeyYa!_Forte        ,Forte_French
WraxiusGaming                                                               ,grahamsandwich                                                              ,b     ,3656 3657 3658     ,Round 7   ,2          ,GarhamSandich       ,grahamsandwich
nicki4                                                                      ,lemon04                                                                     ,b     ,3836 3837 3838     ,Round 7   ,2          ,lemoncholy          ,lemon04
Klird                                                                       ,wolfturds                                                                   ,a     ,3839 3840 3841     ,Round 7   ,2          ,klird               ,Klird
Kenmarijuana                                                                ,Tiberiusfieri                                                               ,b     ,3659 3660 3661     ,Round 7   ,2          ,Salty Lame-o        ,Tiberiusfieri
Fakes                                                                       ,Amir (lordamir & lordamir2)                                                 ,b     ,3969 3970 3971     ,Round 8   ,2          ,Amir                ,Amir (lordamir & lordamir2)
jumpy23                                                                     ,Churi                                                                       ,a     ,4044 4045 4046     ,Round 8   ,2          ,I'm the Dome Ace    ,jumpy23
Kollin                                                                      ,Mielke                                                                      ,a     ,3972 3973          ,Round 8   ,2          ,Kollin7             ,Kollin
Johnald                                                                     ,secondari                                                                   ,b     ,3974 3975 3976     ,Round 8   ,2          ,Key to Life         ,secondari
Triangles                                                                   ,xho_xho_                                                                    ,a     ,3977 3978          ,Round 8   ,2          ,triangles           ,Triangles
pkLeech                                                                     ,annuit99                                                                    ,a     ,3979 3980          ,Round 8   ,2          ,pkLeech             ,pkLeech
Fear                                                                        ,depressioncherry_66209                                                      ,a     ,3981 3982          ,Round 8   ,2          ,Fear                ,Fear
Blues                                                                       ,Alargemongoose                                                              ,b     ,3985 3986 3987     ,Round 8   ,2          ,alargemongoose      ,Alargemongoose
Pak                                                                         ,FaceOFF                                                                     ,a     ,3988 3989 3990     ,Round 8   ,2          ,Pak                 ,Pak
River                                                                       ,dicerat8                                                                    ,b     ,3991 3992 3993     ,Round 8   ,2          ,dicerat8            ,dicerat8
Pokology                                                                    ,dragonsareoptimal                                                           ,a     ,3996 3997 3998     ,Round 8   ,2          ,pokology2           ,Pokology
Adam                                                                        ,cepulo                                                                      ,b     ,4069 4070          ,Round 8   ,2          ,Sepulo              ,cepulo
laxuy                                                                       ,Skarpherim                                                                  ,a     ,3999 4000          ,Round 8   ,2          ,lax                 ,laxuy
JR                                                                          ,Seradess                                                                    ,a     ,4001 4002          ,Round 8   ,2          ,ojr                 ,JR
Sheik                                                                       ,Otto                                                                        ,b     ,4003 4004 4005     ,Round 8   ,2          ,kaboom64            ,Otto
Zacpz                                                                       ,OOF_MAXIMA                                                                  ,b     ,4006 4007 4008     ,Round 8   ,2          ,OOF_MAXIMA          ,OOF_MAXIMA
Segale                                                                      ,xXEricXx                                                                    ,b     ,4009 4010          ,Round 8   ,2          ,xXEricXx            ,xXEricXx
earlgr3y                                                                    ,H>L                                                                         ,a     ,4042 4043          ,Round 8   ,2          ,earl gr3y           ,earlgr3y
ThisGuyMuks                                                                 ,Alice                                                                       ,b     ,4011 4012 4013     ,Round 8   ,2          ,allce               ,Alice
Christos                                                                    ,Zpanther                                                                    ,b     ,4014 4015 4016     ,Round 8   ,2          ,Zpanther            ,Zpanther
DeezCastforms                                                               ,Exiline                                                                     ,a     ,4017 4018          ,Round 8   ,2          ,Deezcastforms       ,DeezCastforms
Zelph                                                                       ,Bhol                                                                        ,b     ,4019 4020 4021     ,Round 8   ,2          ,Bhol                ,Bhol
Caloom                                                                      ,Rezzo                                                                       ,a     ,4022 4023          ,Round 8   ,2          ,caloominum          ,Caloom
Cyberodin                                                                   ,f1remaster (Hikari)                                                         ,a     ,4024 4025 4026     ,Round 8   ,2          ,Cyberodin           ,Cyberodin
Voyager                                                                     ,S.k.magnet                                                                  ,a     ,4027 4028 4029     ,Round 8   ,2          ,voyager             ,Voyager
Carapinga                                                                   ,Kenuckz                                                                     ,b     ,4030 4031          ,Round 8   ,2          ,donk27              ,Kenuckz
void                                                                        ,msousa                                                                      ,a     ,4032 4033 4034     ,Round 8   ,2          ,Void                ,void
Mayo                                                                        ,scootymcbooty123                                                            ,b     ,4040 4041          ,Round 8   ,2          ,scootymcbooty123    ,scootymcbooty123
udm31                                                                       ,derevien                                                                    ,a     ,3983 3984          ,Round 8   ,2          ,UDM31               ,udm31
keepingiticy                                                                ,gorbinator.                                                                 ,a     ,3946 3947          ,Round 8   ,2          ,keeping it icy      ,keepingiticy
Typhoon Carter                                                              ,tyler.cox                                                                   ,a     ,3948 3949          ,Round 8   ,2          ,TyCarter            ,Typhoon Carter
48                                                                          ,Tiberiusfieri                                                               ,a     ,3950 3951          ,Round 8   ,2          ,Quarante8           ,48
eliandiditagain                                                             ,Ghostfall22                                                                 ,a     ,3905 3906          ,Round 8   ,2          ,Elian               ,eliandiditagain
D3stiny                                                                     ,Nicko8                                                                      ,a     ,3919 3920          ,Round 8   ,2          ,EG Sato             ,D3stiny
Celdanami                                                                   ,tibetanator                                                                 ,b     ,4035 4036 4037     ,Round 8   ,2          ,SaunkGod            ,tibetanator
Figull400                                                                   ,sligoblues                                                                  ,a     ,act                ,Round 8   ,0          ,act                 ,act
Don Tonionie                                                                ,br.twfb                                                                     ,a     ,3957 3958 3959     ,Round 8   ,2          ,themessiah1         ,Don Tonionie
xTina                                                                       ,Forte_French                                                                ,b     ,3954 3955 3956     ,Round 8   ,2          ,HeyYa!_Forte        ,Forte_French
Kai (aplgd)                                                                 ,Agustin Palacios                                                            ,a     ,3960 3961          ,Round 8   ,2          ,a plague doc        ,Kai (aplgd)
Vayun                                                                       ,cashzachary                                                                 ,a     ,3903 3904          ,Round 8   ,2          ,Vermillion Gangsta  ,Vayun
MeEsSm                                                                      ,bydy2                                                                       ,b     ,3893 3894          ,Round 8   ,2          ,bydy2               ,bydy2
Nicole                                                                      ,wwwmonmon                                                                   ,b     ,act                ,Round 8   ,0          ,act                 ,act
xGangg                                                                      ,ChocoboJoe                                                                  ,a     ,3895 3896 3897     ,Round 8   ,2          ,xGangg              ,xGangg
Mackenzie                                                                   ,charku                                                                      ,a     ,3898 3899 3900     ,Round 8   ,2          ,mkizzy              ,Mackenzie
Incognition                                                                 ,denizs8                                                                     ,b     ,3952 3953          ,Round 8   ,2          ,denizzz             ,denizs8
Egor                                                                        ,Klird                                                                       ,b     ,act                ,Round 8   ,0          ,act                 ,act
qsns                                                                        ,mintyerb                                                                    ,b     ,3962 3963 3964     ,Round 8   ,2          ,mint yerb           ,mintyerb
Cyberas                                                                     ,Kydreith33                                                                  ,a     ,3965 3966          ,Round 8   ,2          ,cyberas             ,Cyberas
Cake                                                                        ,blunderpolicy                                                               ,a     ,3921 3922 3923     ,Round 8   ,2          ,Cakeconnesseur      ,Cake
Zcarlett                                                                    ,dustyfans                                                                   ,b     ,4038 4039          ,Round 8   ,2          ,dustyfans           ,dustyfans
Mantis                                                                      ,_deacon                                                                     ,a     ,3901 3902          ,Round 8   ,2          ,RodentCollector     ,Mantis
Dancing Along/Abreaction                                                    ,bruh504                                                                     ,b     ,3967 3968          ,Round 8   ,2          ,Xurkiyee            ,bruh504
Just_Leo                                                                    ,grahamsandwich                                                              ,b     ,3994 3995          ,Round 8   ,2          ,garhamsandich       ,grahamsandwich
Zinc                                                                        ,@pek__                                                                      ,a     ,3924 3925 3926     ,Round 8   ,2          ,zinc3               ,Zinc
Jabba                                                                       ,durmain (slamonBbq)                                                         ,b     ,4047 4048 4049     ,Round 8   ,2          ,SlamonBBQ           ,durmain (slamonBbq)
luisin                                                                      ,gogozeppeli1890 (rconquer)                                                  ,b     ,3929 3930          ,Round 8   ,2          ,go-go-zeppeli-1890  ,gogozeppeli1890 (rconquer)
knexhawk                                                                    ,Stockings                                                                   ,b     ,3927 3928          ,Round 8   ,2          ,Stockings           ,Stockings
Yoink 0                                                                     ,samjamslam                                                                  ,b     ,3931 3932          ,Round 8   ,2          ,LilBigBamSam        ,samjamslam
sieefffmon                                                                  ,Dwightasaurus                                                               ,A     ,3890 3891 3892     ,Round 8   ,2          ,Sieeeffmon          ,sieefffmon
dhgss                                                                       ,Cream314                                                                    ,b     ,3944 3945          ,Round 8   ,2          ,BongMoodeus         ,Cream314
Sificon                                                                     ,tonii5531                                                                   ,a     ,3907 3908          ,Round 8   ,2          ,Sificon~            ,Sificon
epiclyepicgamer                                                             ,irrelevantone                                                               ,a     ,3941 3942 3943     ,Round 8   ,2          ,EpiclyEpicGamerW    ,epiclyepicgamer
owlman7507                                                                  ,Papa Escargo                                                                ,a     ,3933 3934          ,Round 8   ,2          ,leoperi99           ,owlman7507
elmagneto                                                                   ,ccgeek_                                                                     ,b     ,4050 4051 4052     ,Round 8   ,2          ,CCGeek              ,ccgeek_
lemon04                                                                     ,fastandsleepy                                                               ,b     ,act                ,Round 8   ,0          ,act                 ,act
Sorenkazer                                                                  ,jd_orph                                                                     ,b     ,3935 3936          ,Round 8   ,2          ,GShed               ,jd_orph
s_2_w                                                                       ,ReavenFTW                                                                   ,a     ,3937 3938          ,Round 8   ,2          ,Genexys             ,s_2_w
UsernameABCD                                                                ,choicescarf002                                                              ,b     ,4053 4054          ,Round 8   ,2          ,naisuneicha         ,choicescarf002
.GeneralRevan                                                               ,elysyr                                                                      ,a     ,3909 3910          ,Round 8   ,2          ,G3neralR3van        ,.GeneralRevan
socialinclusion                                                             ,tree69420                                                                   ,b     ,act                ,Round 8   ,0          ,act                 ,act
aldrichunfaithful                                                           ,@spreek                                                                     ,b     ,4055 4056          ,Round 8   ,2          ,Spreek              ,@spreek
Blanched                                                                    ,monchooo                                                                    ,b     ,3911 3912 3913     ,Round 8   ,2          ,monchooo            ,monchooo
jankcity                                                                    ,_uka                                                                        ,a     ,3939 3940          ,Round 8   ,2          ,jank_city.mp4       ,jankcity
chtx                                                                        ,Mintyfresh756                                                               ,b     ,4057 4058 4059     ,Round 8   ,2          ,catmode             ,Mintyfresh756
oskari1707                                                                  ,style_purposes                                                              ,a     ,3916 3915 3914     ,Round 8   ,2          ,Oskari SOSA         ,oskari1707
venomshoc                                                                   ,Sophocles                                                                   ,a     ,3917 3918          ,Round 8   ,2          ,VZR                 ,venomshoc
emerald_harrold                                                             ,tamafuyu                                                                    ,a     ,4060 4061 4062     ,Round 8   ,2          ,Emerald_Harrold     ,emerald_harrold
pac_rojo                                                                    ,ghostreported                                                               ,a     ,4063 4064          ,Round 8   ,2          ,CazabichosPablo     ,pac_rojo
lexi.pup                                                                    ,CheesiMoon                                                                  ,a     ,4065 4066          ,Round 8   ,2          ,lexitg              ,lexi.pup
justbestlevels                                                              ,witgiz                                                                      ,b     ,4067 4068          ,Round 8   ,2          ,witgiz              ,witgiz
Amir (lordamir & lordamir2)                                                 ,earlgr3y                                                                    ,b     ,4129 4130          ,Round 9   ,2          ,earl gr3y           ,earlgr3y
jumpy23                                                                     ,Kollin                                                                      ,a     ,4089 4090          ,Round 9   ,2          ,I'm the Dome Ace    ,jumpy23
Fakes                                                                       ,Alargemongoose                                                              ,b     ,4087 4088          ,Round 9   ,2          ,alargemongoose      ,Alargemongoose
Triangles                                                                   ,dicerat8                                                                    ,a     ,4084 4085 4086     ,Round 9   ,2          ,triangles           ,Triangles
pkLeech                                                                     ,cepulo                                                                      ,b     ,4168 4169          ,Round 9   ,2          ,Sepulo              ,cepulo
Fear                                                                        ,Otto                                                                        ,a     ,4081 4082 4083     ,Round 9   ,2          ,Fear                ,Fear
Pak                                                                         ,OOF_MAXIMA                                                                  ,a     ,4109 4110 4111     ,Round 9   ,2          ,Pak                 ,Pak
Mielke                                                                      ,Churi                                                                       ,a     ,4172 4173          ,Round 9   ,2          ,3 blades            ,Mielke
Pokology                                                                    ,xXEricXx                                                                    ,b     ,4170 4171          ,Round 9   ,2          ,xXEricXx            ,xXEricXx
laxuy                                                                       ,Alice                                                                       ,b     ,4079 4080          ,Round 9   ,2          ,allce               ,Alice
JR                                                                          ,Zpanther                                                                    ,b     ,4114 4115 4116     ,Round 9   ,2          ,Zpanther            ,Zpanther
DeezCastforms                                                               ,Bhol                                                                        ,b     ,4183 4184          ,Round 9   ,2          ,Bhol                ,Bhol
Caloom                                                                      ,dragonsareoptimal                                                           ,a     ,4076 4077 4078     ,Round 9   ,2          ,caloominum          ,Caloom
Cyberodin                                                                   ,denizs8                                                                     ,a     ,4185 4186 4187     ,Round 9   ,2          ,Cyberodin           ,Cyberodin
Blues                                                                       ,@spreek                                                                     ,b     ,4165 4166 4167     ,Round 9   ,2          ,Spreek              ,@spreek
River                                                                       ,Sificon                                                                     ,b     ,4106 4107 4108     ,Round 9   ,2          ,Sificon~            ,Sificon
Voyager                                                                     ,depressioncherry_66209                                                      ,a     ,4126 4127 4128     ,Round 9   ,2          ,voyager             ,Voyager
void                                                                        ,mintyerb                                                                    ,a     ,4117 4118          ,Round 9   ,2          ,Void                ,void
Adam                                                                        ,dustyfans                                                                   ,a     ,4131 4132          ,Round 9   ,2          ,AC77                ,Adam
udm31                                                                       ,.GeneralRevan                                                               ,a     ,4119 4120          ,Round 9   ,2          ,UDM31               ,udm31
keepingiticy                                                                ,samjamslam                                                                  ,a     ,4071 4072          ,Round 9   ,2          ,keeping it icy      ,keepingiticy
Sheik                                                                       ,bydy2                                                                       ,a     ,4152 4153 4154     ,Round 9   ,2          ,Sheik               ,Sheik
Typhoon Carter                                                              ,owlman7507                                                                  ,a     ,4121 4122 4123     ,Round 9   ,2          ,tycarter            ,Typhoon Carter
48                                                                          ,Cream314                                                                    ,a     ,4161 4162          ,Round 9   ,2          ,Quarante8           ,48
eliandiditagain                                                             ,scootymcbooty123                                                            ,a     ,4179 4180          ,Round 9   ,2          ,Elian               ,eliandiditagain
Johnald                                                                     ,monchooo                                                                    ,b     ,4103 4104 4105     ,Round 9   ,2          ,monchooo            ,monchooo
D3stiny                                                                     ,secondari                                                                   ,b     ,4181 4182          ,Round 9   ,2          ,Key to Life         ,secondari
Zacpz                                                                       ,pac_rojo                                                                    ,A     ,4073 4074 4075     ,Round 9   ,2          ,zacpz               ,Zacpz
Segale                                                                      ,choicescarf002                                                              ,A     ,4157 4158          ,Round 9   ,2          ,Segale              ,Segale
ThisGuyMuks                                                                 ,Stockings                                                                   ,a     ,4112 4113          ,Round 9   ,2          ,ThisGuyMuks         ,ThisGuyMuks
Christos                                                                    ,xho_xho_                                                                    ,a     ,4124 4125          ,Round 9   ,2          ,Christos            ,Christos
Zelph                                                                       ,ccgeek_                                                                     ,a     ,act                ,Round 9   ,0          ,act                 ,act
Figull400                                                                   ,Mintyfresh756                                                               ,a     ,4163 4164          ,Round 9   ,2          ,Figull400           ,Figull400
Don Tonionie                                                                ,jd_orph                                                                     ,a     ,4155 4156          ,Round 9   ,2          ,themessiah1         ,Don Tonionie
Kai (aplgd)                                                                 ,FaceOFF                                                                     ,a     ,4133 4134 4135     ,Round 9   ,2          ,a plague doc        ,Kai (aplgd)
Vayun                                                                       ,venomshoc                                                                   ,a     ,4136 4137 4138     ,Round 9   ,2          ,Vermillion Gangsta  ,Vayun
Exiline                                                                     ,tibetanator                                                                 ,a     ,4139 4140          ,Round 9   ,2          ,Ivoire              ,Exiline
xGangg                                                                      ,Forte_French                                                                ,a     ,4091 4092          ,Round 9   ,2          ,xGangg              ,xGangg
Mackenzie                                                                   ,epiclyepicgamer                                                             ,a     ,4093 4094 4095     ,Round 9   ,2          ,mkizzy              ,Mackenzie
H>L                                                                         ,fastandsleepy                                                               ,a     ,4141 4142 4143     ,Round 9   ,2          ,Hydreigon > Latias  ,H>L
Cyberas                                                                     ,emerald_harrold                                                             ,a     ,4159 4160          ,Round 9   ,2          ,cyberas             ,Cyberas
Cake                                                                        ,wwwmonmon                                                                   ,b     ,4190 4191          ,Round 9   ,2          ,wwwmonmon           ,wwwmonmon
Mantis                                                                      ,oskari1707                                                                  ,b     ,4096 4097          ,Round 9   ,2          ,Oskari SOSA         ,oskari1707
Seradess                                                                    ,lexi.pup                                                                    ,b     ,4098 4099          ,Round 9   ,2          ,lexitg              ,lexi.pup
Zinc                                                                        ,Kenuckz                                                                     ,a     ,4144 4145          ,Round 9   ,2          ,zinc3               ,Zinc
Skarpherim                                                                  ,s_2_w                                                                       ,a     ,4174 4175 4176     ,Round 9   ,2          ,Skarpherim©         ,Skarpherim
annuit99                                                                    ,witgiz                                                                      ,a     ,4146 4147 4148     ,Round 9   ,2          ,RedCrimp            ,annuit99
Klird                                                                       ,bruh504                                                                     ,a     ,4149 4150 4151     ,Round 9   ,2          ,klird               ,Klird
jankcity                                                                    ,durmain (slamonBbq)                                                         ,a     ,4188 4189          ,Round 9   ,2          ,jank_city.mp4       ,jankcity
grahamsandwich                                                              ,sieefffmon                                                                  ,a     ,4100 4101 4102     ,Round 9   ,2          ,garhamsandich       ,grahamsandwich
tree69420                                                                   ,gogozeppeli1890 (rconquer)                                                  ,a     ,4177 4178          ,Round 9   ,2          ,Tree69420           ,tree69420
jumpy23                                                                     ,BYE                                                                         ,a     ,act                ,Round 10  ,0          ,act                 ,act
cepulo                                                                      ,Voyager                                                                     ,b     ,4232 4233          ,Round 10  ,2          ,voyager             ,Voyager
Triangles                                                                   ,Alargemongoose                                                              ,a     ,4195 4196          ,Round 10  ,2          ,triangles           ,Triangles
Fear                                                                        ,xXEricXx                                                                    ,a     ,4197 4198          ,Round 10  ,2          ,Fear                ,Fear
Kollin                                                                      ,Amir (lordamir & lordamir2)                                                 ,b     ,4229 4230 4231     ,Round 10  ,2          ,amir                ,Amir (lordamir & lordamir2)
Pak                                                                         ,Alice                                                                       ,a     ,4199 4200 4201     ,Round 10  ,2          ,Pak                 ,Pak
Mielke                                                                      ,Zpanther                                                                    ,b     ,4234 4235 4236     ,Round 10  ,2          ,Zpanther            ,Zpanther
Caloom                                                                      ,Sificon                                                                     ,a     ,4202 4203 4204     ,Round 10  ,2          ,Caloominum          ,Caloom
Pokology                                                                    ,lexi.pup                                                                    ,a     ,4205 4206          ,Round 10  ,2          ,pokology2           ,Pokology
void                                                                        ,dicerat8                                                                    ,b     ,4237 4238          ,Round 10  ,2          ,dicerat8            ,dicerat8
Adam                                                                        ,secondari                                                                   ,a     ,4239 4240 4241     ,Round 10  ,2          ,AC77                ,Adam
laxuy                                                                       ,tree69420                                                                   ,a     ,4207 4208 4209     ,Round 10  ,2          ,lax                 ,laxuy
udm31                                                                       ,jankcity                                                                    ,a     ,4210 4211          ,Round 10  ,2          ,UDM31               ,udm31
JR                                                                          ,monchooo                                                                    ,b     ,4212 4213          ,Round 10  ,2          ,monchooo            ,monchooo
Sheik                                                                       ,grahamsandwich                                                              ,a     ,4192 4193 4194     ,Round 10  ,2          ,Sheik               ,Sheik
48                                                                          ,Zinc                                                                        ,b     ,4220 4221 4222     ,Round 10  ,2          ,zinc3               ,Zinc
eliandiditagain                                                             ,Otto                                                                        ,b     ,4223 4224 4225     ,Round 10  ,2          ,kaboom64            ,Otto
Zacpz                                                                       ,wwwmonmon                                                                   ,b     ,4226 4227 4228     ,Round 10  ,2          ,wwwmonmon           ,wwwmonmon
Segale                                                                      ,Cyberas                                                                     ,a     ,4217 4218 4219     ,Round 10  ,2          ,Segale              ,Segale
ThisGuyMuks                                                                 ,OOF_MAXIMA                                                                  ,a     ,4214 4215 4216     ,Round 10  ,2          ,ThisGuyMuks         ,ThisGuyMuks
Kai (aplgd)                                                                 ,Vayun                                                                       ,a     ,act                ,Round 10  ,0          ,act                 ,act
